SG,Top_Class,Formula,Source,ID,centered,natoms,nelectrons,dim,bandgap,directbandgap,metallicity,Z2,wcc
2,2.0,Ta6S,ICSD,202564,1.0,14.0,168.0,3.0,0.0,0.02,0.355,(1;100),0.0
2,2.0,K(OsO3)2,ICSD,419880,1.0,18.0,154.0,3.0,0.0,0.089,0.241,(1;110),0.0
2,2.0,CuH2SeO5,ICSD,39887,1.0,18.0,98.0,3.0,0.0,0.008,0.094,(1;100),0.0
2,2.0,ZnCoPHO5,ICSD,416823,1.0,18.0,130.0,3.0,0.0,0.018,0.624,(0;001),0.0
2,2.0,Ga5Rh3,ICSD,240179,1.0,16.0,232.0,3.0,0.0,0.145,0.175,(0;100),0.0
2,2.0,CuMoO4,ICSD,39439,1.0,12.0,98.0,3.0,0.0,0.027,0.324,(0;110),0.0
2,2.0,CuPtF6,ICSD,64660,1.0,16.0,126.0,3.0,0.0,0.006,0.051,(1;010),0.0
2,2.0,NaCuF3,ICSD,69655,1.0,20.0,164.0,3.0,0.0,0.014,0.583,(1;101),0.0
2,2.0,NbCuO3F,ICSD,200533,1.0,12.0,98.0,3.0,0.0,0.009,0.456,(1;011),0.0
2,2.0,CsHg,ICSD,62000,1.0,8.0,84.0,2.0,0.0,0.065,0.438,(0;001),0.0
2,2.0,Na4CrO4,ICSD,62676,1.0,18.0,148.0,1.0,0.0,0.004,0.733,(1;010),0.0
2,2.0,Rb5(CoO2)2,ICSD,73191,1.0,22.0,206.0,3.0,0.0,0.0,0.271,(0;110),0.0
2,2.0,LiCoSO4F,ICSD,167202,1.0,16.0,114.0,3.0,0.0,0.013,0.268,(0;100),0.0
2,2.0,TeWCl9,ICSD,410945,1.0,22.0,194.0,1.0,0.0,0.026,0.011,(0;011),0.0
2,2.0,MoSeCl7O,ICSD,410101,1.0,20.0,150.0,3.0,0.0,0.006,0.133,(1;100),0.0
2,2.0,MoCl5,ICSD,84620,1.0,12.0,98.0,1.0,0.0,0.021,0.413,(1;110),0.0
2,2.0,CaP3,ICSD,74479,1.0,8.0,50.0,1.0,0.0,0.016,0.024,(1;010),0.0
2,2.0,TiBr3,ICSD,39784,1.0,8.0,66.0,2.0,0.0,0.007,0.829,(0;011),0.0
2,2.0,BaFe2(PO4)2,ICSD,237763,1.0,13.0,84.0,2.0,0.0,0.011,0.134,(0;001),0.0
2,2.0,CaAs3,ICSD,193,1.0,8.0,50.0,1.0,0.0,0.06,0.008,(1;100),0.0
2,2.0,AgSO4,ICSD,421341,1.0,12.0,82.0,3.0,0.0,0.042,0.104,(1;111),0.0
2,2.0,CuAgF3,ICSD,174407,1.0,20.0,172.0,3.0,0.0,0.009,0.589,(1;011),0.0
4,3.0,Cu(IO3)2,ICSD,4327,0.0,18.0,122.0,3.0,0.0,0.001,0.526,,0.0
7,3.0,Na2CoGeO4,ICSD,200680,0.0,16.0,126.0,3.0,0.0,0.0,0.734,,0.0
9,3.0,FeBiO3,ICSD,192517,0.0,10.0,62.0,3.0,0.0,0.003,0.442,,0.0
9,3.0,FeBiO3,ICSD,192515,0.0,10.0,62.0,3.0,0.0,0.003,0.696,,0.0
11,2.0,Sr(ZnSn)2,ICSD,424108,1.0,10.0,124.0,3.0,0.0,0.019,0.372,(1;000),0.0
11,2.0,Ta2Se3,ICSD,42982,1.0,10.0,88.0,3.0,0.0,0.066,0.151,(1;010),0.0
11,2.0,TaSe3,ICSD,43213,1.0,16.0,124.0,3.0,0.0,0.042,0.158,(0;011),0.0
11,2.0,SrSb2,ICSD,52307,1.0,6.0,40.0,1.0,0.0,0.14,0.143,(0;010),1.0
11,2.0,Si5Rh4,ICSD,52066,1.0,18.0,176.0,3.0,0.0,0.009,0.857,(1;011),0.0
11,2.0,Si5Pt6,ICSD,43283,1.0,22.0,160.0,3.0,0.0,0.023,0.841,(0;000),0.0
11,2.0,Ni3Te2,ICSD,99271,1.0,10.0,84.0,3.0,0.0,0.015,0.713,(1;000),0.0
11,2.0,TaNi3,ICSD,54304,1.0,16.0,172.0,3.0,0.0,0.026,0.81,(1;011),0.0
11,2.0,TiNi,ICSD,105414,1.0,4.0,44.0,3.0,0.0,0.025,0.763,(1;100),1.0
11,2.0,NbPt3,ICSD,54283,1.0,16.0,172.0,3.0,0.0,0.046,0.868,(0;010),0.0
11,2.0,Te2Mo,ICSD,14349,1.0,12.0,104.0,2.0,0.0,0.034,0.17,(0;000),0.0
11,2.0,SiS4,ICSD,59708,1.0,10.0,56.0,1.0,0.0,0.017,0.532,(0;010),0.0
11,2.0,In2Sn3S7,ICSD,68366,1.0,24.0,220.0,3.0,0.0,0.197,0.102,(0;000),0.0
11,2.0,Cu2H3ClO3,ICSD,153707,1.0,18.0,100.0,3.0,0.0,0.041,0.131,(0;001),0.0
11,2.0,HfGePd,ICSD,418027,1.0,18.0,204.0,3.0,0.0,0.016,0.257,(1;000),0.0
11,2.0,KMnF3,ICSD,89343,1.0,20.0,180.0,3.0,0.0,0.006,0.776,(0;011),0.0
11,2.0,NbCuTe2,ICSD,414338,1.0,8.0,72.0,3.0,0.0,0.044,0.253,(1;000),0.0
11,2.0,SrCoO3,ICSD,108896,1.0,20.0,180.0,1.0,0.0,0.002,0.405,(1;001),0.0
11,2.0,Co2TeCl2O3,ICSD,415798,1.0,16.0,144.0,3.0,0.0,0.005,0.622,(1;011),0.0
11,2.0,LiFeMoClO4,ICSD,65346,1.0,16.0,112.0,3.0,0.0,0.033,0.657,(1;000),0.0
11,2.0,CaSb2,ICSD,862,1.0,6.0,40.0,1.0,0.0,0.07,0.251,(1;011),1.0
11,2.0,Bi,ICSD,42679,1.0,4.0,60.0,3.0,0.0,0.015,0.308,(1;111),0.0
11,2.0,BaSb2,ICSD,409517,1.0,6.0,40.0,1.0,0.0,0.056,0.102,(0;001),1.0
11,2.0,Ba(BiPd)2,ICSD,416299,1.0,10.0,152.0,3.0,0.0,0.059,0.739,(0;000),0.0
11,2.0,BaSb2,ICSD,413519,1.0,18.0,120.0,1.0,0.0,0.04,0.156,(0;010),0.0
11,2.0,Ba(SbAu)2,ICSD,416298,1.0,10.0,84.0,3.0,0.0,0.024,0.423,(1;000),0.0
11,2.0,Co2AsClO4,ICSD,902,1.0,16.0,140.0,3.0,0.0,0.014,0.656,(1;011),0.0
11,2.0,AlAu,ICSD,104649,1.0,8.0,56.0,3.0,0.0,0.126,0.308,(1;000),1.0
11,4.0,TaNi2Te3,ICSD,82605,1.0,12.0,102.0,3.0,0.0,0.0,0.972,(1;010),0.0
11,4.0,Zr2NiP,ICSD,84826,1.0,8.0,46.0,3.0,0.0,0.0,0.865,(0;010),0.0
11,4.0,Y3IrI3,ICSD,71524,1.0,14.0,142.0,3.0,0.0,0.0,0.41,(1;000),0.0
11,4.0,Hf2NiP,ICSD,405616,1.0,8.0,78.0,3.0,0.0,0.0,0.949,(0;000),0.0
11,4.0,TlCuHSeO5,ICSD,36582,1.0,18.0,122.0,2.0,0.0,0.0,0.332,(0;000),0.0
11,4.0,TlCuHSO5,ICSD,36581,1.0,18.0,122.0,2.0,0.0,0.0,0.346,(0;010),0.0
11,4.0,KOsNOF5,ICSD,166586,1.0,18.0,142.0,1.0,0.0,0.0,0.965,(0;000),0.0
11,4.0,Cu(IO3)2,ICSD,2232,1.0,18.0,122.0,2.0,0.0,0.0,0.426,(0;011),0.0
11,4.0,CuWO3F2,ICSD,60759,1.0,14.0,142.0,3.0,0.0,0.0,0.474,(0;010),0.0
11,4.0,CsOsNOF5,ICSD,166587,1.0,18.0,142.0,1.0,0.0,0.0,0.67,(0;000),0.0
11,4.0,ZrCr5P3,ICSD,409488,1.0,18.0,178.0,3.0,0.0,0.0,0.839,(0;010),0.0
11,4.0,NbCrSe5,ICSD,35044,1.0,14.0,114.0,2.0,0.0,0.0,0.911,(0;010),0.0
11,4.0,TeWBr9,ICSD,410948,1.0,22.0,194.0,1.0,0.0,0.0,0.629,(1;011),0.0
11,4.0,Bi9I2,ICSD,39257,1.0,22.0,118.0,3.0,0.0,0.0,0.931,(1;011),0.0
11,4.0,BaV3O8,ICSD,82063,1.0,24.0,194.0,2.0,0.0,0.0,0.982,(1;011),0.0
12,1.0,Y,ICSD,187638,1.0,2.0,22.0,3.0,0.0,0.054,0.46,(1;110),0.0
12,1.0,Ta2Te3,ICSD,41047,1.0,10.0,88.0,3.0,0.0,0.027,0.38,(0;111),0.0
12,1.0,TlV5Se8,ICSD,37122,1.0,14.0,126.0,3.0,0.0,0.003,0.577,(0;001),0.0
12,1.0,Ti3Se4,ICSD,601347,1.0,7.0,60.0,3.0,0.0,0.007,0.436,(1;110),1.0
12,1.0,Y2Si2Rh,ICSD,48176,1.0,10.0,94.0,3.0,0.0,0.002,0.553,(0;110),0.0
12,1.0,VP2,ICSD,42077,1.0,6.0,46.0,3.0,0.0,0.034,0.163,(0;111),1.0
12,1.0,Ti2NiSe4,ICSD,646544,1.0,7.0,58.0,3.0,0.0,0.023,0.398,(0;111),0.0
12,1.0,Ti2NiSe4,ICSD,646544,1.0,7.0,58.0,3.0,0.0,0.023,0.398,(0;111),0.0
12,1.0,Si2NiSe4,ICSD,646533,1.0,7.0,42.0,3.0,0.0,0.024,0.736,(0;001),0.0
12,1.0,Sc3Si3Ni,ICSD,48004,1.0,14.0,110.0,3.0,0.0,0.011,0.732,(0;000),0.0
12,1.0,Ti4NiS8,ICSD,646389,1.0,13.0,106.0,3.0,0.0,0.005,0.324,(0;001),0.0
12,1.0,Nb2Se,ICSD,26183,1.0,12.0,128.0,3.0,0.0,0.015,0.279,(0;111),0.0
12,1.0,NbSb2,ICSD,18144,1.0,6.0,46.0,3.0,0.0,0.029,0.087,(0;100),1.0
12,1.0,NbP2,ICSD,645169,1.0,6.0,46.0,3.0,0.0,0.044,0.088,(0;111),1.0
12,1.0,NaN3,ICSD,29383,1.0,4.0,24.0,1.0,0.0,0.008,0.483,(0;110),0.0
12,1.0,LiMoO2,ICSD,165326,1.0,8.0,58.0,2.0,0.0,0.023,0.825,(0;111),0.0
12,1.0,KLiMnO2,ICSD,49021,1.0,10.0,78.0,1.0,0.0,0.011,0.746,(0;110),0.0
12,1.0,SrIn4,ICSD,240135,1.0,10.0,124.0,3.0,0.0,0.045,0.587,(0;000),0.0
12,1.0,Hf2Te,ICSD,83965,1.0,12.0,120.0,3.0,0.0,0.02,0.842,(0;000),0.0
12,1.0,KCu2P2H3(O4F)2,ICSD,62646,1.0,18.0,106.0,3.0,0.0,0.017,0.015,(0;001),0.0
12,1.0,NaCo2Mo2H3O10,ICSD,422475,1.0,18.0,134.0,3.0,0.0,0.004,0.622,(0;001),0.0
12,1.0,ReGe2,ICSD,637671,1.0,6.0,46.0,3.0,0.0,0.117,0.344,(0;111),1.0
12,1.0,Cs2Na2IrO4,ICSD,71624,1.0,18.0,154.0,3.0,0.0,0.019,0.258,(0;110),0.0
12,1.0,Cr3Te4,ICSD,626884,1.0,7.0,66.0,3.0,0.0,0.009,0.299,(0;000),0.0
12,1.0,TlV3(CrS4)2,ICSD,74296,1.0,14.0,128.0,3.0,0.0,0.006,0.759,(1;000),0.0
12,1.0,Ti(CrS2)2,ICSD,626640,1.0,7.0,64.0,3.0,0.0,0.014,0.455,(0;110),0.0
12,1.0,Cr2FeS4,ICSD,625931,1.0,7.0,60.0,3.0,0.0,0.012,0.344,(0;111),0.0
12,1.0,CrS2,ICSD,75420,1.0,3.0,26.0,2.0,0.0,0.051,0.157,(0;100),1.0
12,1.0,Cr(Te2Rh)2,ICSD,626579,1.0,7.0,72.0,3.0,0.0,0.042,0.404,(0;111),0.0
12,1.0,Cr(RhSe2)2,ICSD,626577,1.0,7.0,72.0,3.0,0.0,0.013,0.349,(0;111),0.0
12,1.0,Co2NiSe4,ICSD,624485,1.0,7.0,68.0,3.0,0.0,0.027,0.522,(0;111),0.0
12,1.0,RbNa7(CoO3)2,ICSD,66006,1.0,16.0,142.0,1.0,0.0,0.013,0.132,(0;001),0.0
12,1.0,Sc2CoSi2,ICSD,624952,1.0,10.0,94.0,3.0,0.0,0.009,0.636,(0;110),0.0
12,1.0,CoGe,ICSD,43677,1.0,8.0,84.0,3.0,0.0,0.012,0.78,(0;000),0.0
12,1.0,CoGe,ICSD,184254,1.0,8.0,52.0,3.0,0.0,0.012,0.761,(0;000),1.0
12,1.0,Nb6C5,ICSD,167353,1.0,11.0,98.0,3.0,0.0,0.012,0.61,(0;110),0.0
12,1.0,Si2Bi2Rh3,ICSD,617015,1.0,14.0,178.0,3.0,0.0,0.035,0.679,(0;001),0.0
12,1.0,Bi2Rh3S2,ICSD,420725,1.0,14.0,186.0,3.0,0.0,0.021,0.395,(0;001),0.0
12,1.0,Bi2Pd3Se2,ICSD,261457,1.0,14.0,192.0,3.0,0.0,0.096,0.791,(0;110),0.0
12,1.0,BiI,ICSD,1559,1.0,8.0,48.0,1.0,0.139,0.161,0.0,(0;001),0.0
12,1.0,BiBr,ICSD,1560,1.0,16.0,96.0,2.0,0.3125,0.313,0.0,(0;000),0.0
12,1.0,Ba2Ni5Ge4,ICSD,423268,1.0,11.0,86.0,1.0,0.0,0.011,0.901,(0;111),0.0
12,1.0,BaYMn2O6,ICSD,154011,1.0,20.0,174.0,3.0,0.0,0.004,0.75,(0;001),0.0
12,1.0,YB2Rh3,ICSD,615340,1.0,6.0,68.0,3.0,0.0,0.013,0.452,(0;000),0.0
12,1.0,Ba3(ZnAs2)2,ICSD,424760,1.0,9.0,74.0,3.0,0.0,0.022,0.024,(0;110),0.0
12,1.0,Ba3(CdAs2)2,ICSD,424761,1.0,9.0,74.0,3.0,0.0,0.019,0.025,(0;110),0.0
12,1.0,As3W2,ICSD,43185,1.0,10.0,142.0,3.0,0.0,0.009,0.309,(0;111),0.0
12,1.0,Mo2As3,ICSD,43184,1.0,10.0,86.0,3.0,0.0,0.017,0.254,(0;111),0.0
12,1.0,VAs2,ICSD,611574,1.0,6.0,46.0,3.0,0.0,0.02,0.148,(0;111),1.0
12,1.0,TaAs2,ICSD,44069,1.0,6.0,46.0,3.0,0.0,0.122,0.088,(0;111),1.0
12,1.0,Ni2As2O7,ICSD,69002,1.0,11.0,72.0,3.0,0.0,0.019,0.427,(0;001),0.0
12,1.0,NbAs2,ICSD,81218,1.0,6.0,46.0,3.0,0.0,0.025,0.093,(0;100),1.0
12,1.0,Ba2Mn2As2O,ICSD,75454,1.0,7.0,66.0,1.0,0.0,0.012,0.629,(0;111),0.0
12,1.0,AsN(OF3)2,ICSD,68906,1.0,10.0,64.0,2.0,0.0,0.004,0.358,(0;001),0.0
12,2.0,Sb2Te3,ICSD,187496,1.0,10.0,56.0,3.0,0.0,0.028,1.0,(1;111),0.0
12,2.0,Sc2Si2Ru,ICSD,420133,1.0,10.0,92.0,3.0,0.0,0.002,0.445,(0;001),0.0
12,2.0,Ta2PtSe7,ICSD,61353,1.0,20.0,156.0,2.0,0.0,0.012,0.258,(1;000),0.0
12,2.0,Ta2PdSe6,ICSD,61005,1.0,9.0,80.0,3.0,0.0,0.026,0.245,(1;110),0.0
12,2.0,Ni2P2O7,ICSD,30433,1.0,11.0,72.0,3.0,0.0,0.006,0.545,(1;000),0.0
12,2.0,V2NiSe4,ICSD,23970,1.0,7.0,60.0,3.0,0.0,0.024,0.362,(1;110),0.0
12,2.0,V4NiS8,ICSD,35141,1.0,13.0,110.0,3.0,0.0,0.005,0.292,(1;111),0.0
12,2.0,V2NiS4,ICSD,646403,1.0,7.0,60.0,3.0,0.0,0.023,0.308,(1;110),0.0
12,2.0,Ti2NiS4,ICSD,646394,1.0,7.0,58.0,3.0,0.0,0.006,0.362,(1;111),0.0
12,2.0,Nb2Te3,ICSD,280016,1.0,10.0,88.0,3.0,0.0,0.017,0.376,(1;000),0.0
12,2.0,Nb2PdS5,ICSD,192215,1.0,16.0,148.0,3.0,0.0,0.035,0.342,(1;001),0.0
12,2.0,LiTi2O4,ICSD,180011,1.0,14.0,102.0,3.0,0.0,0.003,0.478,(1;001),0.0
12,2.0,Hg,ICSD,157861,1.0,3.0,36.0,3.0,0.0,0.036,0.401,(1;000),0.0
12,2.0,LiHO2,ICSD,27761,1.0,8.0,32.0,1.0,0.0,0.008,0.718,(1;111),0.0
12,2.0,Fe3Se4,ICSD,15043,1.0,7.0,48.0,3.0,0.0,0.011,0.357,(0;000),1.0
12,2.0,Sc2FeSi2,ICSD,76348,1.0,10.0,76.0,3.0,0.0,0.013,0.449,(1;000),0.0
12,2.0,Fe(RhSe2)2,ICSD,603354,1.0,7.0,66.0,3.0,0.0,0.015,0.586,(1;111),0.0
12,2.0,Fe(NiSe2)2,ICSD,632972,1.0,7.0,52.0,3.0,0.0,0.038,0.621,(1;111),0.0
12,2.0,FeGe,ICSD,53456,1.0,8.0,48.0,3.0,0.0,0.009,0.876,(1;110),0.0
12,2.0,FeGe,ICSD,43055,1.0,8.0,48.0,3.0,0.0,0.008,0.869,(1;011),1.0
12,2.0,Sr(CuSn)2,ICSD,182102,1.0,5.0,60.0,3.0,0.0,0.06,0.604,(1;000),0.0
12,2.0,Na2Zr(CuS2)2,ICSD,79536,1.0,9.0,68.0,1.0,0.0,0.012,0.006,(1;000),0.0
12,2.0,Cr3Te4,ICSD,626873,1.0,7.0,66.0,2.0,0.0,0.012,0.181,(1;000),0.0
12,2.0,RbCr3S5,ICSD,73143,1.0,18.0,162.0,3.0,0.0,0.001,0.672,(1;000),0.0
12,2.0,Ti(CrTe2)2,ICSD,626896,1.0,7.0,64.0,3.0,0.0,0.014,0.31,(1;000),0.0
12,2.0,V2CrS4,ICSD,626655,1.0,7.0,64.0,3.0,0.0,0.015,0.549,(1;110),0.0
12,2.0,Nb4Co2PdSe12,ICSD,41026,1.0,19.0,176.0,3.0,0.0,0.005,0.031,(1;001),0.0
12,2.0,K2Ca(NO2)4,ICSD,85505,1.0,15.0,96.0,1.0,0.0,0.009,0.648,(1;001),0.0
12,2.0,Ca(CuSn)2,ICSD,417717,1.0,5.0,60.0,3.0,0.0,0.067,0.632,(1;000),0.0
12,2.0,Y2Fe2Si2C,ICSD,617825,1.0,7.0,50.0,3.0,0.0,0.038,0.222,(1;000),0.0
12,2.0,Fe11Mo6C5,ICSD,61141,1.0,22.0,192.0,3.0,0.0,0.004,0.608,(1;110),0.0
12,2.0,MnSbS2Br,ICSD,172782,1.0,10.0,78.0,3.0,0.0,0.002,0.364,(1;111),0.0
12,2.0,Bi2Pd5,ICSD,58840,1.0,14.0,120.0,3.0,0.0,0.026,0.782,(1;000),0.0
12,2.0,Bi2Pd3S2,ICSD,616954,1.0,14.0,192.0,3.0,0.0,0.056,0.857,(1;111),0.0
12,2.0,Bi2Pd,ICSD,42565,1.0,6.0,80.0,3.0,0.0,0.126,0.692,(1;000),1.0
12,2.0,MnBiSe2I,ICSD,415138,1.0,10.0,98.0,3.0,0.0,0.006,0.308,(1;001),0.0
12,2.0,Bi4I,ICSD,246145,1.0,20.0,108.0,3.0,0.0,0.059,0.855,(1;001),0.0
12,2.0,Ba5Cd2(Sb2O)2,ICSD,423458,1.0,13.0,106.0,3.0,0.0,0.057,0.125,(1;111),0.0
12,2.0,Ba3(LiSn2)4,ICSD,240016,1.0,15.0,154.0,1.0,0.0,0.021,0.313,(1;000),0.0
12,2.0,Ba2Mg3Si4,ICSD,408938,1.0,18.0,132.0,3.0,0.0,0.011,0.303,(1;111),0.0
12,2.0,BaSb3,ICSD,49000,1.0,8.0,50.0,1.0,0.0,0.104,0.361,(1;001),1.0
12,2.0,ScB2Ir3,ICSD,614561,1.0,6.0,68.0,3.0,0.0,0.011,0.364,(1;001),0.0
12,2.0,P3Au2,ICSD,8058,1.0,10.0,74.0,3.0,0.0,0.089,0.119,(1;100),1.0
12,2.0,SrAs3,ICSD,41831,1.0,8.0,50.0,1.0,0.0,0.043,0.272,(1;001),1.0
12,2.0,Mn4As3,ICSD,80375,1.0,14.0,150.0,3.0,0.0,0.003,0.608,(1;111),0.0
12,2.0,BaAs3,ICSD,86402,1.0,8.0,50.0,1.0,0.0,0.032,0.224,(1;001),1.0
12,2.0,Co2As2O7,ICSD,69001,1.0,11.0,86.0,3.0,0.0,0.013,0.584,(1;000),0.0
12,2.0,Sr3(AlGe2)2,ICSD,417968,1.0,9.0,52.0,2.0,0.0,0.044,0.05,(1;110),0.0
13,2.0,Sn3O4,ICSD,174299,1.0,14.0,132.0,3.0,0.0,0.032,0.525,(0;100),0.0
13,2.0,NiMoO4,ICSD,81060,1.0,12.0,96.0,3.0,0.0,0.014,0.472,(0;110),0.0
14,2.0,Re2Si,ICSD,57480,1.0,24.0,272.0,3.0,0.0,0.021,0.505,(0;000),0.0
14,2.0,CuHOF,ICSD,98698,1.0,16.0,100.0,2.0,0.0,0.052,0.272,(0;010),0.0
14,2.0,CuHClO,ICSD,91088,1.0,16.0,100.0,2.0,0.0,0.03,0.337,(0;001),0.0
14,2.0,CuHClO,ICSD,38384,1.0,16.0,100.0,2.0,0.0,0.014,0.317,(1;000),0.0
14,2.0,CuGeO3,ICSD,411020,1.0,20.0,132.0,3.0,0.0,0.016,0.016,(0;010),0.0
14,2.0,TaCoTe2,ICSD,73738,1.0,16.0,168.0,2.0,0.0,0.0,0.235,(0;000),0.0
14,2.0,CaSiPd,ICSD,69790,1.0,12.0,128.0,3.0,0.0,0.014,0.135,(1;000),0.0
14,2.0,Y4C7,ICSD,86049,1.0,22.0,144.0,3.0,0.0,0.012,0.192,(1;010),0.0
14,2.0,CrInBr3,ICSD,54136,1.0,20.0,192.0,3.0,0.0,0.006,0.247,(1;000),0.0
14,2.0,Ba2P3Pd,ICSD,75019,1.0,24.0,212.0,1.0,0.0,0.016,0.369,(1;000),0.0
14,2.0,Ba(SiRh)2,ICSD,50158,1.0,20.0,208.0,3.0,0.0,0.014,0.425,(1;001),0.0
14,2.0,Ba(GaPt)2,ICSD,50160,1.0,20.0,224.0,3.0,0.0,0.082,0.52,(1;001),0.0
14,2.0,FeAsO4,ICSD,73978,1.0,24.0,148.0,3.0,0.0,0.013,0.161,(0;010),0.0
14,3.0,K2Mn2O3,ICSD,61038,1.0,14.0,132.0,3.0,0.0,0.0,0.388,(1;101),0.0
14,3.0,CsFeI4,ICSD,66811,1.0,24.0,180.0,1.0,0.0,0.0,0.462,(1;111),0.0
14,3.0,NaCrF4,ICSD,37108,1.0,24.0,204.0,2.0,0.0,0.004,0.262,(1;111),0.0
14,3.0,Sr(AsPt)2,ICSD,418156,1.0,20.0,160.0,3.0,0.0,0.001,0.827,(0;111),0.0
14,4.0,Sr2YRuO6,ICSD,49500,1.0,20.0,166.0,3.0,0.0,0.0,0.798,(0;101),0.0
14,4.0,Sc(ReO3)2,ICSD,245796,1.0,18.0,154.0,3.0,0.0,0.0,0.679,(0;110),0.0
14,4.0,Mn(SeO3)2,ICSD,69801,1.0,18.0,126.0,3.0,0.0,0.001,0.915,(0;000),0.0
14,4.0,K2TcI6,ICSD,65510,1.0,18.0,150.0,1.0,0.0,0.0,0.897,(0;000),0.0
14,4.0,Li2VF6,ICSD,290251,1.0,18.0,122.0,1.0,0.0,0.0,0.769,(0;000),0.0
14,4.0,Sr2CoTeO6,ICSD,153002,1.0,20.0,158.0,3.0,0.0,0.0,0.898,(0;101),0.0
14,4.0,CoTe(PbO3)2,ICSD,169193,1.0,20.0,174.0,3.0,0.0,0.0,0.876,(0;000),0.0
14,4.0,Ir(Cl2F3)2,ICSD,411351,1.0,22.0,174.0,1.0,0.0,0.0,0.66,(0;101),0.0
14,4.0,Ca2FeReO6,ICSD,150697,1.0,20.0,158.0,3.0,0.0,0.0,0.82,(0;101),0.0
14,4.0,Ca2CoWO6,ICSD,98732,1.0,20.0,174.0,3.0,0.0,0.0,0.983,(0;101),0.0
14,4.0,Al9Rh2,ICSD,414304,1.0,22.0,122.0,3.0,0.0,0.0,0.858,(0;010),0.0
14,4.0,Al9Ir2,ICSD,414302,1.0,22.0,122.0,3.0,0.0,0.0,0.849,(0;010),0.0
14,4.0,K2AgF4,ICSD,421461,1.0,14.0,114.0,1.0,0.0,0.0,0.547,(0;010),0.0
15,2.0,Sb2Te3,ICSD,185954,1.0,10.0,56.0,3.0,0.0,0.036,0.559,(1;110),0.0
15,2.0,P2Pt5,ICSD,24327,1.0,14.0,120.0,3.0,0.0,0.057,0.437,(0;110),0.0
15,2.0,Ta2NiSe5,ICSD,61148,1.0,16.0,132.0,2.0,0.0,0.016,0.014,(1;000),0.0
15,2.0,MoP4,ICSD,105057,1.0,10.0,68.0,2.0,0.0,0.019,0.126,(1;000),1.0
15,2.0,Li2RuO3,ICSD,78721,1.0,24.0,160.0,3.0,0.0,0.008,0.292,(1;000),0.0
15,2.0,NaMn(GeO3)2,ICSD,237747,1.0,20.0,136.0,3.0,0.0,0.005,0.265,(0;110),0.0
15,2.0,Rb4Fe2O5,ICSD,154291,1.0,22.0,164.0,1.0,0.0,0.004,0.266,(0;000),0.0
15,2.0,Sr2LiFe2N3,ICSD,71059,1.0,16.0,108.0,1.0,0.0,0.008,0.228,(1;000),0.0
15,2.0,CrP4,ICSD,2790,1.0,10.0,68.0,2.0,0.0,0.022,0.114,(1;000),1.0
15,2.0,CoGeO3,ICSD,26814,1.0,20.0,156.0,3.0,0.0,0.005,0.333,(1;000),0.0
15,2.0,Ga2NiCl8,ICSD,417870,1.0,22.0,184.0,2.0,0.0,0.002,0.192,(1;000),0.0
15,2.0,CrBiO3,ICSD,174404,1.0,20.0,188.0,3.0,0.0,0.003,0.244,(1;000),0.0
15,2.0,Ba2LiFe2N3,ICSD,71060,1.0,16.0,108.0,1.0,0.0,0.006,0.407,(1;000),0.0
15,2.0,Al2NiCl8,ICSD,417872,1.0,22.0,144.0,2.0,0.0,0.003,0.088,(1;000),0.0
15,4.0,Y2Si5Rh3,ICSD,40760,1.0,20.0,186.0,3.0,0.0,0.0,0.534,(0;011),0.0
15,4.0,RbTe6,ICSD,74837,1.0,14.0,90.0,2.0,0.0,0.0,0.955,(1;101),0.0
15,4.0,VP2O7,ICSD,39762,1.0,20.0,130.0,3.0,0.0,0.0,0.285,(1;011),0.0
15,4.0,Re2SbO6,ICSD,51023,1.0,18.0,142.0,3.0,7.6296,0.0,1.0,(0;000),0.0
15,4.0,Sr2InPt2,ICSD,391433,1.0,10.0,106.0,3.0,0.0,0.0,0.376,(0;101),0.0
15,4.0,Sr2InPd2,ICSD,391432,1.0,10.0,138.0,3.0,0.0,0.0,0.527,(0;011),0.0
15,4.0,VH2O3,ICSD,16727,1.0,12.0,66.0,2.0,0.0,0.0,0.336,(1;101),0.0
15,4.0,KFeSe2,ICSD,40780,1.0,8.0,58.0,1.0,0.0,0.0,0.5,(1;101),0.0
15,4.0,LiFe(GeO3)2,ICSD,169479,1.0,20.0,110.0,3.0,0.0,0.0,0.374,(0;011),0.0
15,4.0,LiFe(GeO3)2,ICSD,162950,1.0,20.0,110.0,3.0,0.0,0.0,0.327,(1;101),0.0
15,4.0,Y(CuO2)2,ICSD,83493,1.0,14.0,114.0,3.0,0.0,0.0,0.368,(1;101),0.0
15,4.0,NaCuSO4F,ICSD,262273,1.0,16.0,114.0,3.0,0.0,0.0,0.143,(1;101),0.0
15,4.0,LiCr(GeO3)2,ICSD,174432,1.0,20.0,122.0,3.0,0.0,0.0,0.425,(1;011),0.0
15,4.0,Mg3Ga7Co2,ICSD,157364,1.0,24.0,310.0,3.0,0.0,0.0,0.696,(0;101),0.0
15,4.0,NaCoSO4F,ICSD,262275,1.0,16.0,126.0,3.0,0.0,0.001,0.551,(1;011),0.0
15,4.0,Ca2InPt2,ICSD,418203,1.0,10.0,106.0,3.0,0.0,0.0,0.337,(0;011),0.0
15,4.0,Ca2InPd2,ICSD,418202,1.0,10.0,138.0,3.0,0.0,0.0,0.48,(0;011),0.0
15,4.0,Cu(CO)4,ICSD,415406,1.0,18.0,102.0,3.0,0.0,0.0,0.504,(1;011),0.0
15,4.0,Re2BiO6,ICSD,181425,1.0,18.0,162.0,3.0,0.0,0.0,0.476,(1;100),0.0
15,4.0,BaCu(SeO3)2,ICSD,202388,1.0,20.0,138.0,2.0,0.0,0.0,0.983,(1;101),0.0
15,4.0,Ni4B3,ICSD,150561,1.0,14.0,98.0,3.0,0.0,0.0,0.801,(0;100),0.0
15,4.0,Al2VCl8,ICSD,415951,1.0,22.0,150.0,2.0,0.0,0.0,0.192,(1;011),0.0
20,3.0,BaVS3,ICSD,63230,0.0,10.0,82.0,1.0,0.0,0.001,0.388,,0.0
31,4.0,KMnPH2O5,ICSD,71178,0.0,20.0,122.0,1.0,0.0,0.0,0.886,,0.0
31,4.0,FeHO2,ICSD,420002,0.0,8.0,42.0,3.0,0.0,0.0,0.486,,0.0
33,3.0,MnGeN2,ICSD,23528,0.0,16.0,116.0,3.0,0.0,0.001,0.427,,0.0
33,3.0,NaFeO2,ICSD,186309,0.0,16.0,116.0,3.0,0.0,0.0,0.554,,0.0
36,4.0,NiP,ICSD,188064,0.0,12.0,90.0,3.0,0.0,0.0,0.451,,0.0
36,4.0,CaIrO3,ICSD,159032,0.0,10.0,74.0,2.0,0.0,0.0,0.318,,0.0
36,4.0,Mn2Bi3O7,ICSD,184382,0.0,24.0,234.0,3.0,0.0,0.0,0.742,,0.0
36,4.0,BaVS3,ICSD,63229,0.0,10.0,82.0,1.0,0.0,0.0,0.538,,0.0
36,4.0,BaVS3,ICSD,52692,0.0,10.0,82.0,1.0,0.0,0.0,0.497,,0.0
36,4.0,BaVS3,ICSD,154182,0.0,10.0,82.0,1.0,0.0,0.0,0.545,(0;011),1.0
36,4.0,Mn5As4,ICSD,73252,0.0,18.0,190.0,3.0,1.1774,0.002,1.0,(0;000),0.0
36,4.0,AsPd3Pb2,ICSD,106267,0.0,12.0,126.0,3.0,0.0,0.0,0.783,,0.0
43,4.0,Y3Ge5,ICSD,20612,0.0,16.0,106.0,3.0,0.0,0.0,0.778,,0.0
47,2.0,Sr2TlCuO5,ICSD,86427,1.0,9.0,74.0,3.0,0.0,0.009,0.469,(0;001),0.0
51,2.0,Ca2Ni3Ge2,ICSD,421074,1.0,14.0,116.0,2.0,0.0,0.002,0.884,(1;100),0.0
51,2.0,TaBRu,ICSD,429116,1.0,18.0,192.0,3.0,0.0,0.012,0.833,(1;010),0.0
51,4.0,SrIn4Ir,ICSD,417836,1.0,12.0,158.0,3.0,0.0,0.0,0.869,(1;100),0.0
51,4.0,SiCuO3,ICSD,89669,1.0,10.0,66.0,3.0,0.0,0.0,0.86,(0;100),0.0
51,4.0,Fe2CuGe2,ICSD,62330,1.0,10.0,70.0,3.0,0.0,0.0,0.985,(1;101),0.0
51,4.0,Co2CuGe2,ICSD,62856,1.0,10.0,106.0,3.0,0.0,0.0,0.865,(1;000),0.0
51,4.0,CaIn4Rh,ICSD,410891,1.0,12.0,158.0,3.0,0.0,0.0,0.863,(0;100),0.0
51,4.0,CaIn4Ir,ICSD,410892,1.0,12.0,158.0,3.0,0.0,0.0,0.848,(1;100),0.0
52,3.0,TlFeBr4,ICSD,402064,1.0,24.0,196.0,1.0,0.0,0.001,0.518,(1;000),0.0
52,3.0,Sr2Bi3,ICSD,106329,1.0,20.0,140.0,2.0,0.0,0.007,0.673,(1;110),0.0
53,1.0,TaNiTe2,ICSD,71063,1.0,16.0,140.0,2.0,0.0,0.033,0.232,(1;010),0.0
55,2.0,Pb3O4,ICSD,97282,1.0,14.0,132.0,3.0,0.0,0.004,0.29,(1;100),0.0
55,2.0,Zr5(In2Rh)2,ICSD,391127,1.0,22.0,212.0,3.0,0.0,0.009,0.762,(1;000),0.0
55,2.0,Hf5(In2Rh)2,ICSD,412706,1.0,22.0,292.0,3.0,0.0,0.011,0.787,(0;100),0.0
55,2.0,MgGa2,ICSD,23226,1.0,24.0,288.0,3.0,0.0,0.01,0.822,(0;100),0.0
55,2.0,Sr2Cu2O5,ICSD,82019,1.0,18.0,144.0,3.0,0.0,0.007,0.556,(1;000),0.0
55,2.0,Ca2Mn2O5,ICSD,35219,1.0,18.0,160.0,3.0,0.0,0.002,0.942,(0;100),0.0
55,2.0,Y4C5,ICSD,84869,1.0,18.0,128.0,3.0,0.0,0.005,0.807,(0;100),0.0
55,2.0,Sc(BC)2,ICSD,23834,1.0,20.0,100.0,3.0,0.0,0.01,0.583,(1;000),0.0
55,2.0,YB4Rh,ICSD,419358,1.0,24.0,160.0,3.0,0.0,0.021,0.343,(1;000),0.0
55,2.0,Ga2AsRh5,ICSD,56973,1.0,16.0,232.0,3.0,0.0,0.023,0.577,(1;000),0.0
55,4.0,Sc5(In2Rh)2,ICSD,414506,1.0,22.0,282.0,3.0,0.0,0.0,0.994,(0;000),0.0
55,4.0,Y5(In2Pd)2,ICSD,165133,1.0,22.0,286.0,3.0,0.0,0.0,0.987,(1;000),0.0
55,4.0,Sc5(In2Ni)2,ICSD,414505,1.0,22.0,254.0,3.0,0.0,0.0,0.985,(0;000),0.0
55,4.0,In3Pd5,ICSD,417906,1.0,16.0,258.0,3.0,0.0,0.0,0.89,(0;000),0.0
55,4.0,Sc4NCl6,ICSD,201978,1.0,22.0,182.0,3.0,0.0,0.0,0.97,(0;000),0.0
55,4.0,Li2B2Rh3,ICSD,417442,1.0,14.0,126.0,3.0,0.0,0.0,0.971,(1;111),0.0
57,2.0,Hf(FeSi)2,ICSD,20933,1.0,20.0,144.0,3.0,0.0,0.002,0.275,(1;001),0.0
57,3.0,CrF5,ICSD,419661,1.0,24.0,196.0,1.0,0.0,0.001,0.466,(0;000),0.0
58,2.0,Sr2LiGe3,ICSD,414575,1.0,24.0,140.0,1.0,0.0,0.008,0.92,(1;000),0.0
58,2.0,CrB4,ICSD,186851,1.0,10.0,52.0,3.0,0.0,0.006,0.081,(1;000),0.0
58,4.0,LiRuO2,ICSD,48007,1.0,8.0,62.0,3.0,0.0,0.0,0.833,(0;000),0.0
58,4.0,CoH2(CN2)2,ICSD,236414,1.0,18.0,94.0,3.0,0.0,0.0,0.782,(0;000),0.0
58,4.0,BPd2,ICSD,10487,1.0,6.0,46.0,3.0,0.0,0.0,0.88,(0;101),0.0
59,1.0,YSiPd,ICSD,408080,1.0,24.0,264.0,3.0,0.0,0.006,0.889,(0;010),0.0
59,1.0,BaNi2Ge,ICSD,421431,1.0,8.0,68.0,3.0,0.0,0.035,0.272,(0;010),0.0
59,2.0,MoBr3,ICSD,413690,0.0,8.0,70.0,1.0,0.0,0.001,0.433,(0;011),1.0
59,2.0,Sr(InAu)3,ICSD,245679,1.0,14.0,164.0,3.0,0.0,0.014,0.721,(1;000),0.0
59,2.0,Rb3Sn4Au,ICSD,107445,1.0,16.0,188.0,1.0,0.0,0.027,0.226,(1;000),0.0
59,2.0,Rb3Pb4Au,ICSD,107447,1.0,16.0,188.0,1.0,0.0,0.026,0.367,(1;000),0.0
59,2.0,Cs3Pb4Au,ICSD,107448,1.0,16.0,188.0,1.0,0.0,0.03,0.34,(0;000),0.0
59,4.0,Ni6Mo2P3,ICSD,20825,1.0,22.0,206.0,3.0,0.0,0.0,0.798,(0;010),0.0
59,4.0,LiV2O5,ICSD,88639,1.0,16.0,118.0,2.0,0.0,0.0,0.987,(0;000),0.0
59,4.0,TiClO,ICSD,155833,1.0,6.0,50.0,2.0,0.0,0.0,0.885,(0;001),0.0
59,4.0,LiTiNCl,ICSD,261526,1.0,8.0,54.0,2.0,0.0,0.0,0.845,(0;000),0.0
59,4.0,CrSBr,ICSD,69659,1.0,6.0,54.0,2.0,0.0,0.0,0.938,(0;000),0.0
60,2.0,Mo2C,ICSD,246146,1.0,12.0,128.0,3.0,0.0,0.031,0.368,(1;000),0.0
61,2.0,SnTePd,ICSD,162404,1.0,24.0,304.0,3.0,0.0,0.044,0.145,(1;000),0.0
62,2.0,SrZn,ICSD,54980,1.0,8.0,88.0,1.0,0.0,0.008,0.518,(1;000),0.0
62,2.0,SrSnPt,ICSD,412012,1.0,12.0,136.0,3.0,0.0,0.061,0.369,(1;000),0.0
62,2.0,TiSiPt,ICSD,260794,1.0,12.0,104.0,3.0,0.0,0.042,0.071,(1;000),0.0
62,2.0,SnPd,ICSD,109415,1.0,8.0,96.0,3.0,0.0,0.018,0.403,(0;000),0.0
62,2.0,SiPd,ICSD,15016,1.0,8.0,56.0,3.0,0.0,0.016,0.394,(0;000),0.0
62,2.0,ScPPt,ICSD,417911,1.0,12.0,104.0,3.0,0.0,0.023,0.108,(1;000),0.0
62,2.0,SrSO4,ICSD,100624,1.0,24.0,160.0,2.0,0.0,0.003,0.307,(1;000),0.0
62,2.0,PbSO4,ICSD,100625,1.0,24.0,176.0,2.0,0.0,0.004,0.527,(0;000),0.0
62,2.0,NiTePd,ICSD,419759,1.0,12.0,136.0,3.0,0.0,0.019,0.604,(1;000),0.0
62,2.0,ScNiP,ICSD,50990,1.0,12.0,104.0,3.0,0.0,0.023,0.024,(1;000),0.0
62,2.0,ZrNbP,ICSD,75008,1.0,12.0,88.0,3.0,0.0,0.003,0.244,(1;000),0.0
62,2.0,SrMgPt,ICSD,426614,1.0,12.0,120.0,3.0,0.0,0.031,0.481,(1;000),0.0
62,2.0,YSnIr,ICSD,427252,1.0,12.0,168.0,3.0,0.0,0.034,0.534,(1;000),0.0
62,2.0,YSiIr,ICSD,427253,1.0,12.0,128.0,3.0,0.0,0.017,0.422,(1;000),0.0
62,2.0,TaSiIr,ICSD,411884,1.0,12.0,136.0,3.0,0.0,0.028,0.13,(0;000),0.0
62,2.0,NbSiIr,ICSD,411882,1.0,12.0,136.0,3.0,0.0,0.034,0.117,(0;000),0.0
62,2.0,MnSiIr,ICSD,246548,1.0,12.0,144.0,3.0,0.0,0.018,0.215,(0;000),0.0
62,2.0,In3Ir,ICSD,240201,1.0,16.0,224.0,3.0,0.0,0.026,0.338,(1;000),0.0
62,2.0,TaGeRh,ICSD,421092,1.0,12.0,136.0,3.0,0.0,0.03,0.157,(1;000),0.0
62,2.0,GePt,ICSD,2624,1.0,8.0,56.0,3.0,0.0,0.038,0.32,(0;000),0.0
62,2.0,TiGePd,ICSD,409926,1.0,12.0,136.0,3.0,0.0,0.011,0.069,(1;000),0.0
62,2.0,NbGeIr,ICSD,411883,1.0,12.0,136.0,3.0,0.0,0.016,0.113,(0;000),0.0
62,2.0,KNOF2,ICSD,240891,1.0,20.0,136.0,1.0,0.0,0.008,0.07,(1;000),0.0
62,2.0,YSeF,ICSD,2635,1.0,12.0,96.0,3.0,0.0,0.002,0.018,(1;000),0.0
62,2.0,ScSiCu,ICSD,86391,1.0,12.0,104.0,3.0,0.0,0.029,0.292,(1;000),0.0
62,2.0,Y3Co,ICSD,192244,1.0,16.0,200.0,3.0,0.0,0.004,0.305,(1;000),0.0
62,2.0,CoMoP,ICSD,2421,1.0,12.0,144.0,3.0,0.0,0.008,0.168,(0;000),0.0
62,2.0,K3CoO2,ICSD,73212,1.0,24.0,224.0,1.0,0.0,0.009,0.038,(0;000),0.0
62,2.0,NaCdSb,ICSD,12159,1.0,12.0,104.0,3.0,0.0,0.017,0.02,(1;000),0.0
62,2.0,CaSiPt,ICSD,72642,1.0,12.0,96.0,3.0,0.0,0.046,0.529,(1;000),0.0
62,2.0,CaInRh,ICSD,410841,1.0,12.0,160.0,3.0,0.0,0.01,0.691,(1;000),0.0
62,2.0,CaCdPt,ICSD,426610,1.0,12.0,128.0,3.0,0.0,0.049,0.562,(1;000),0.0
62,2.0,CaCdPd,ICSD,426611,1.0,12.0,160.0,3.0,0.0,0.03,0.494,(1;000),0.0
62,2.0,CoBi3,ICSD,236383,1.0,16.0,96.0,3.0,0.0,0.031,0.777,(1;000),0.0
62,2.0,Ba2Si,ICSD,52698,1.0,12.0,96.0,1.0,0.0,0.011,0.022,(1;000),0.0
62,2.0,Ba2Pb,ICSD,416561,1.0,12.0,136.0,1.0,0.0261,0.029,0.0,(1;000),0.0
62,2.0,SrInAu,ICSD,391422,1.0,12.0,136.0,3.0,0.0,0.069,0.359,(1;000),0.0
62,2.0,HfCoAs,ICSD,406953,1.0,12.0,136.0,3.0,0.0,0.026,0.019,(1;000),0.0
62,2.0,CaAlAu,ICSD,370015,1.0,12.0,96.0,3.0,0.0,0.022,0.395,(1;000),0.0
62,3.0,ScSiRu,ICSD,420417,1.0,12.0,124.0,3.0,0.0,0.0,0.711,(1;011),0.0
62,3.0,Y3Pt,ICSD,8016,1.0,16.0,172.0,3.0,0.0,0.0,0.309,(0;110),0.0
62,3.0,YSnPt,ICSD,417531,1.0,12.0,140.0,3.0,0.0,0.001,0.753,(1;011),0.0
62,3.0,ScSiPt,ICSD,79597,1.0,12.0,100.0,3.0,0.0,0.003,0.756,(0;011),0.0
62,3.0,YSiPd2,ICSD,35087,1.0,16.0,204.0,3.0,0.0,0.001,0.403,(0;101),0.0
62,3.0,YZnPd,ICSD,183334,1.0,12.0,164.0,3.0,0.0,0.002,0.947,(0;011),0.0
62,3.0,YSnPd,ICSD,424012,1.0,12.0,172.0,3.0,0.0,0.002,0.722,(0;011),0.0
62,3.0,PW,ICSD,42056,1.0,8.0,76.0,3.0,0.0,0.003,0.392,(1;011),0.0
62,3.0,Ta(NiTe)2,ICSD,66346,1.0,20.0,180.0,2.0,0.0,0.001,0.843,(1;011),0.0
62,3.0,TaNi2TeSe,ICSD,86174,1.0,20.0,180.0,2.0,0.0,0.001,0.907,(0;011),0.0
62,3.0,YSiNi,ICSD,79598,1.0,12.0,100.0,3.0,0.0,0.0,0.811,(0;011),0.0
62,3.0,ZrNiSb,ICSD,408195,1.0,12.0,76.0,3.0,0.0,0.001,0.451,(0;011),0.0
62,3.0,YNiPb,ICSD,427254,1.0,12.0,140.0,3.0,0.0,0.001,0.719,(0;011),0.0
62,3.0,NbSiPd,ICSD,416177,1.0,12.0,140.0,3.0,0.0,0.001,0.448,(1;011),0.0
62,3.0,TaMnP,ICSD,85947,1.0,12.0,132.0,3.0,0.0,0.001,0.656,(0;011),0.0
62,3.0,MnNbP,ICSD,68280,1.0,12.0,132.0,3.0,0.0,0.0,0.461,(0;011),0.0
62,3.0,MgNi2P,ICSD,74784,1.0,16.0,140.0,3.0,0.0,0.001,0.347,(0;101),0.0
62,3.0,SrInPt,ICSD,410704,1.0,12.0,132.0,3.0,0.0,0.002,0.84,(0;011),0.0
62,3.0,HfSiRh,ICSD,68790,1.0,12.0,132.0,3.0,0.0,0.001,0.538,(1;011),0.0
62,3.0,SrLiGe2,ICSD,162582,1.0,16.0,84.0,1.0,0.0,0.0,0.67,(1;011),0.0
62,3.0,GeRh,ICSD,44861,1.0,8.0,84.0,3.0,0.0,0.005,0.264,(0;011),0.0
62,3.0,YNiGe,ICSD,427255,1.0,12.0,100.0,3.0,0.0,0.0,0.738,(0;011),0.0
62,3.0,NbGePt,ICSD,186940,1.0,12.0,108.0,3.0,0.0,0.0,0.312,(1;011),0.0
62,3.0,ScFeSi,ICSD,84203,1.0,12.0,92.0,3.0,0.0,0.001,0.734,(0;011),0.0
62,3.0,ZrFeP,ICSD,43204,1.0,12.0,68.0,3.0,0.0,0.001,0.554,(1;011),0.0
62,3.0,FePO4,ICSD,290337,1.0,24.0,148.0,3.0,0.0,0.001,0.184,(1;011),0.0
62,3.0,Li(CuO)2,ICSD,71683,1.0,20.0,148.0,3.0,0.0,0.0,0.909,(1;011),0.0
62,3.0,ZrCuSn,ICSD,190123,1.0,12.0,116.0,3.0,0.0,0.0,0.402,(1;011),0.0
62,3.0,CuSeO3,ICSD,97747,1.0,20.0,140.0,3.0,0.0,0.0,0.479,(0;110),0.0
62,3.0,CrSbSe3,ICSD,84866,1.0,20.0,148.0,3.0,0.0,0.0,0.503,(0;011),0.0
62,3.0,MnSbS2Cl,ICSD,151925,1.0,20.0,156.0,3.0,0.0,0.001,0.373,(1;011),0.0
62,3.0,CdTcO3,ICSD,180009,1.0,20.0,180.0,3.0,0.0,0.001,0.355,(0;110),0.0
62,3.0,Ca5Ir,ICSD,156887,1.0,24.0,268.0,1.0,0.0,0.0,0.625,(1;110),0.0
62,3.0,Ca2In,ICSD,413803,1.0,12.0,132.0,1.0,0.0,0.001,0.486,(0;011),0.0
62,3.0,CaSbPt,ICSD,60830,1.0,12.0,100.0,3.0,0.0,0.004,0.775,(0;011),0.0
62,3.0,CaRhO3,ICSD,164775,1.0,20.0,180.0,3.0,0.0,0.005,0.554,(0;110),0.0
62,3.0,Y2ReC2,ICSD,69098,1.0,20.0,180.0,3.0,0.0,0.001,0.456,(1;011),0.0
62,3.0,MnInBr3,ICSD,75470,1.0,20.0,196.0,3.0,0.0,0.0,0.208,(0;011),0.0
62,3.0,NiBi3,ICSD,391336,1.0,16.0,220.0,3.0,0.0,0.002,0.716,(0;011),0.0
62,3.0,FeBiO3,ICSD,162895,1.0,20.0,164.0,3.0,0.0,0.0,0.63,(0;110),0.0
62,3.0,CrBiO3,ICSD,174403,1.0,20.0,188.0,3.0,0.0,0.001,0.448,(0;110),0.0
62,3.0,MnBiS2Cl,ICSD,172156,1.0,20.0,196.0,3.0,0.0,0.0,0.355,(1;011),0.0
62,3.0,Ba2In,ICSD,261714,1.0,12.0,132.0,1.0,0.0,0.0,0.462,(1;011),0.0
62,3.0,Ba2CoS3,ICSD,160295,1.0,24.0,220.0,1.0,0.0,0.001,0.963,(0;011),0.0
62,3.0,SrBPd4,ICSD,247263,1.0,24.0,340.0,3.0,0.0,0.0,0.582,(1;011),0.0
62,3.0,BaBPd4,ICSD,247264,1.0,24.0,340.0,3.0,0.0,0.0,0.503,(1;011),0.0
62,3.0,SrCdAu,ICSD,426612,1.0,12.0,132.0,3.0,0.0,0.008,0.779,(0;011),0.0
62,3.0,CaCdAu,ICSD,420574,1.0,12.0,132.0,3.0,0.0,0.008,0.781,(0;011),0.0
62,3.0,BaAu,ICSD,419559,1.0,8.0,84.0,3.0,0.0,0.005,0.453,(1;011),0.0
62,3.0,NbNiAs2,ICSD,38412,1.0,16.0,132.0,3.0,0.0,0.001,0.329,(0;011),0.0
62,3.0,MnCuAs,ICSD,72413,1.0,12.0,124.0,3.0,0.0,0.0,0.258,(1;011),0.0
62,3.0,AlPd5,ICSD,245328,1.0,24.0,372.0,3.0,0.0,0.001,0.683,(0;011),0.0
62,3.0,Y2AlGe3,ICSD,78969,1.0,24.0,148.0,3.0,0.0,0.001,0.706,(0;011),0.0
62,3.0,AlAu2,ICSD,57496,1.0,12.0,100.0,3.0,0.0,0.006,0.372,(0;011),0.0
62,3.0,BaAg,ICSD,260623,1.0,8.0,84.0,3.0,0.0,0.001,0.353,(1;011),0.0
63,1.0,SrSi6,ICSD,240779,1.0,14.0,68.0,3.0,0.0,0.003,0.928,(0;110),0.0
63,1.0,SrSi,ICSD,78997,1.0,4.0,28.0,1.0,0.0,0.001,0.165,(0;110),0.0
63,1.0,Te2Pd3,ICSD,87915,1.0,10.0,132.0,3.0,0.0,0.011,0.63,(0;000),0.0
63,1.0,SrIn4Ni,ICSD,418178,1.0,12.0,144.0,3.0,0.0,0.013,0.79,(0;000),0.0
63,1.0,Li4H5Rh,ICSD,26225,1.0,20.0,68.0,1.0,0.0,0.04,0.723,(0;110),0.0
63,1.0,Fe2O3,ICSD,189439,1.0,10.0,68.0,3.0,0.0,0.008,0.707,(0;110),0.0
63,1.0,Ca2(ZnSn2)3,ICSD,424107,1.0,22.0,280.0,3.0,0.0,0.005,0.151,(1;110),0.0
63,1.0,CaSn,ICSD,165193,1.0,4.0,48.0,1.0,0.0,0.065,0.315,(0;110),0.0
63,1.0,CaSn2Pd,ICSD,410774,1.0,8.0,112.0,3.0,0.0,0.021,0.449,(0;110),0.0
63,1.0,CaIn2Pt,ICSD,408880,1.0,8.0,92.0,3.0,0.0,0.019,0.734,(0;000),0.0
63,1.0,CaIn2Pd,ICSD,408881,1.0,8.0,108.0,3.0,0.0,0.02,0.665,(0;110),0.0
63,1.0,Ba3Pb5,ICSD,165184,1.0,16.0,200.0,1.0,0.0,0.066,0.282,(0;110),0.0
63,1.0,Ba(Sn2Ru)3,ICSD,427286,1.0,20.0,284.0,3.0,0.0,0.006,0.953,(0;000),0.0
63,1.0,BaPb,ICSD,58664,1.0,4.0,48.0,1.0,0.0,0.085,0.123,(0;110),0.0
63,1.0,BaFe2Se3,ICSD,290596,1.0,12.0,88.0,1.0,0.0,0.001,0.469,(1;000),0.0
63,1.0,FeB4O7,ICSD,420401,1.0,24.0,124.0,3.0,0.0,0.001,0.095,(1;110),0.0
63,1.0,Cr2B2Ir,ICSD,418162,1.0,20.0,204.0,3.0,0.0,0.009,0.811,(0;110),0.0
63,1.0,Al6Ru,ICSD,58157,1.0,14.0,68.0,3.0,0.0,0.027,0.28,(0;110),0.0
63,2.0,Sr3Sn5,ICSD,411981,1.0,16.0,200.0,1.0,0.0,0.02,0.363,(1;110),0.0
63,2.0,Sr3Sn5,ICSD,165183,1.0,16.0,200.0,1.0,0.0,0.026,0.39,(1;000),0.0
63,2.0,ZrSi,ICSD,20284,1.0,4.0,16.0,3.0,0.0,0.005,0.258,(1;000),0.0
63,2.0,ZrRh,ICSD,163454,1.0,8.0,84.0,3.0,0.0,0.013,0.482,(1;000),0.0
63,2.0,Zr3NiO,ICSD,71964,1.0,10.0,56.0,3.0,0.0,0.007,0.682,(1;000),0.0
63,2.0,SrMg2Pd,ICSD,425493,1.0,8.0,96.0,1.0,0.0,0.006,0.519,(1;000),0.0
63,2.0,ZrIr,ICSD,163453,1.0,8.0,84.0,3.0,0.0,0.017,0.492,(1;000),0.0
63,2.0,SrIn4Pt,ICSD,418180,1.0,12.0,144.0,3.0,0.0,0.008,0.776,(1;110),0.0
63,2.0,SrIn4Pd,ICSD,418179,1.0,12.0,160.0,3.0,0.0,0.021,0.81,(1;110),0.0
63,2.0,Sr3In4Pb,ICSD,415937,1.0,16.0,192.0,3.0,0.0,0.036,0.408,(1;110),0.0
63,2.0,SrIn2Pt,ICSD,410400,1.0,8.0,92.0,3.0,0.0,0.007,0.632,(1;000),0.0
63,2.0,SrIn2Pd,ICSD,410402,1.0,8.0,108.0,3.0,0.0,0.001,0.509,(1;000),0.0
63,2.0,Hf2Pt3,ICSD,190810,1.0,5.0,54.0,3.0,0.0,0.004,0.85,(0;111),0.0
63,2.0,SrNiGe2,ICSD,240343,1.0,8.0,56.0,3.0,0.0,0.002,0.634,(0;110),0.0
63,2.0,LaGa,ICSD,423623,1.0,4.0,32.0,3.0,0.0,0.008,0.299,(1;000),0.0
63,2.0,SrCd2Pd,ICSD,425494,1.0,8.0,104.0,3.0,0.0,0.013,0.642,(1;000),0.0
63,2.0,Ca4Ni4Ge3,ICSD,421432,1.0,22.0,184.0,3.0,0.0,0.001,0.887,(1;000),0.0
63,2.0,CaSi,ICSD,190659,1.0,4.0,28.0,1.0,0.0,0.007,0.172,(1;000),0.0
63,2.0,CaIn4Pd,ICSD,410890,1.0,12.0,160.0,3.0,0.0,0.01,0.814,(1;110),0.0
63,2.0,CaNiGe2,ICSD,240342,1.0,8.0,56.0,3.0,0.0,0.008,0.712,(0;110),0.0
63,2.0,Nb3B3C,ICSD,411622,1.0,14.0,104.0,3.0,0.0,0.012,0.523,(1;110),0.0
63,2.0,BePd3,ICSD,107610,1.0,8.0,116.0,3.0,0.0,0.005,0.685,(1;000),0.0
63,2.0,Ba3Sn5,ICSD,167166,1.0,16.0,200.0,1.0,0.0,0.007,0.366,(1;110),0.0
63,2.0,Ba3Ge5,ICSD,167163,1.0,16.0,100.0,1.0,0.0,0.004,0.405,(1;110),0.0
63,2.0,BaSb2Pd,ICSD,405111,1.0,8.0,76.0,3.0,0.0,0.005,0.512,(1;000),0.0
63,2.0,BaIn2Pt,ICSD,411228,1.0,8.0,92.0,3.0,0.0,0.036,0.481,(1;000),0.0
63,2.0,BaIn,ICSD,414228,1.0,8.0,92.0,1.0,0.0,0.011,0.25,(1;000),0.0
63,2.0,NaIn2Au,ICSD,107505,1.0,8.0,92.0,3.0,0.0,0.05,0.706,(1;000),0.0
63,2.0,BaAs2Pd,ICSD,405110,1.0,8.0,76.0,3.0,0.0,0.03,0.506,(1;000),0.0
63,2.0,Ba(AlSi)2,ICSD,153384,1.0,10.0,48.0,3.0,0.0,0.005,0.31,(1;110),0.0
63,2.0,LaAl,ICSD,54470,1.0,8.0,24.0,3.0,0.0,0.002,0.299,(1;110),0.0
63,4.0,Sr3Tl5,ICSD,380325,1.0,16.0,190.0,2.0,14.2151,0.0,1.0,(0;000),0.0
63,4.0,YSn2,ICSD,416771,1.0,6.0,78.0,3.0,0.0,0.0,0.768,(0;000),0.0
63,4.0,ScSiPt2,ICSD,420355,1.0,8.0,70.0,3.0,0.0,0.0,0.931,(0;110),0.0
63,4.0,TaTe5Pt,ICSD,71292,1.0,14.0,106.0,2.0,0.0,0.0,0.917,(0;110),0.0
63,4.0,ScZnPt,ICSD,424600,1.0,6.0,66.0,3.0,0.0,0.0,0.614,(0;110),0.0
63,4.0,Y3Si3Pd2,ICSD,35086,1.0,16.0,162.0,3.0,0.0,0.0,0.928,(0;110),0.0
63,4.0,ScZnPd,ICSD,424601,1.0,6.0,82.0,3.0,0.0,0.0,0.674,(0;110),0.0
63,4.0,SrNi5P3,ICSD,33914,1.0,18.0,150.0,3.0,0.0,0.0,0.951,(0;110),0.0
63,4.0,Sc3Si3Ni2,ICSD,65760,1.0,16.0,130.0,3.0,0.0,0.0,0.916,(0;000),0.0
63,4.0,TaNiTe5,ICSD,73314,1.0,14.0,106.0,2.0,0.0,0.0,0.918,(0;110),0.0
63,4.0,NbNiTe5,ICSD,73316,1.0,14.0,106.0,2.0,0.0,0.0,0.922,(0;110),0.0
63,4.0,NaSi6,ICSD,237248,1.0,14.0,66.0,3.0,0.0,0.0,0.792,(0;111),0.0
63,4.0,LaSn,ICSD,423421,1.0,4.0,34.0,3.0,0.0,0.0,0.738,(0;000),0.0
63,4.0,K4P3,ICSD,64625,1.0,14.0,102.0,1.0,0.0,0.0,0.967,(1;000),0.0
63,4.0,K3(PdO2)2,ICSD,245610,1.0,18.0,174.0,3.0,0.0,0.0,0.518,(0;000),0.0
63,4.0,K2SrIn7,ICSD,165188,1.0,20.0,238.0,3.0,0.0,0.0,0.85,(1;110),0.0
63,4.0,YIn2Ni,ICSD,413459,1.0,8.0,94.0,3.0,0.0,0.0,0.86,(0;000),0.0
63,4.0,SrIn2Ir,ICSD,410401,1.0,8.0,106.0,3.0,0.0,0.0,0.784,(0;110),0.0
63,4.0,HfSb,ICSD,107591,1.0,12.0,102.0,3.0,0.0,0.0,0.647,(1;000),0.0
63,4.0,Y3Ge4,ICSD,88105,1.0,14.0,98.0,3.0,0.0,0.0,0.868,(0;110),0.0
63,4.0,YGe3,ICSD,88075,1.0,8.0,46.0,3.0,0.0,0.0,0.736,(0;000),0.0
63,4.0,Y3Ge3Ru2,ICSD,425769,1.0,16.0,154.0,3.0,0.0,0.0,0.894,(1;110),0.0
63,4.0,YGa4Ni,ICSD,423074,1.0,12.0,146.0,3.0,0.0,0.0,0.909,(1;110),0.0
63,4.0,SrGa3Pd,ICSD,192026,1.0,10.0,134.0,3.0,0.0,0.0,0.698,(1;000),0.0
63,4.0,Ga2Ir,ICSD,413557,1.0,18.0,258.0,3.0,0.0,0.0,0.968,(1;000),0.0
63,4.0,Li2Ga,ICSD,100051,1.0,6.0,38.0,1.0,0.0,0.0,0.778,(1;110),0.0
63,4.0,RbFe2Te3,ICSD,81548,1.0,12.0,86.0,1.0,0.0,0.0,0.674,(0;000),0.0
63,4.0,RbFe2Se3,ICSD,81547,1.0,12.0,86.0,1.0,0.0,0.0,0.37,(0;000),0.0
63,4.0,KFe2Se3,ICSD,424672,1.0,12.0,86.0,1.0,0.0,0.0,0.658,(0;000),0.0
63,4.0,FePO4,ICSD,155065,1.0,12.0,74.0,3.0,0.0,0.0,0.546,(0;000),0.0
63,4.0,K2(CuTe)5,ICSD,71204,1.0,24.0,206.0,1.0,0.0,0.0,0.992,(1;000),0.0
63,4.0,CuO2,ICSD,54129,1.0,6.0,46.0,1.0,0.0,0.0,0.927,(0;110),0.0
63,4.0,K3(CuO2)2,ICSD,380487,1.0,18.0,146.0,3.0,0.0,0.0,0.638,(0;000),0.0
63,4.0,CuO2,ICSD,150913,1.0,6.0,46.0,1.0,0.0,0.0,0.927,(0;110),0.0
63,4.0,Zr2CuGe4,ICSD,84200,1.0,14.0,70.0,3.0,0.0,0.0,0.774,(0;110),0.0
63,4.0,CsFe2Se3,ICSD,187535,1.0,12.0,86.0,1.0,0.0,0.0,0.229,(0;000),0.0
63,4.0,CrCuO4,ICSD,183216,1.0,12.0,98.0,3.0,0.0,0.0,0.58,(0;000),0.0
63,4.0,Sc3Co2Si3,ICSD,41745,1.0,16.0,158.0,3.0,0.0,0.0,0.898,(1;000),0.0
63,4.0,Ca3Tl5,ICSD,380324,1.0,16.0,190.0,3.0,4.1527,0.0,1.0,(0;000),0.0
63,4.0,Ca3Ga5,ICSD,58894,1.0,16.0,190.0,3.0,0.0,0.0,0.935,(0;110),0.0
63,4.0,CaSn2Rh,ICSD,410775,1.0,8.0,110.0,3.0,0.0,0.0,0.887,(0;000),0.0
63,4.0,CaSn2Ir,ICSD,410773,1.0,8.0,110.0,3.0,0.0,0.0,0.845,(0;110),0.0
63,4.0,CaGa3Ni2,ICSD,58898,1.0,12.0,138.0,3.0,0.0,0.0,0.886,(0;110),0.0
63,4.0,CaGa,ICSD,260641,1.0,4.0,46.0,1.0,0.0,0.0,0.83,(0;000),0.0
63,4.0,Nb4B3C2,ICSD,411623,1.0,18.0,138.0,3.0,0.0,0.0,0.957,(0;110),0.0
63,4.0,CuCN2,ICSD,161460,1.0,8.0,50.0,3.0,0.0,0.0,0.436,(0;000),0.0
63,4.0,ZrBi,ICSD,409756,1.0,12.0,54.0,3.0,0.0,0.0,0.702,(1;110),0.0
63,4.0,Ba(RhPb2)3,ICSD,58669,1.0,20.0,290.0,3.0,0.0,0.0,0.94,(0;110),0.0
63,4.0,BaIn2Rh,ICSD,411232,1.0,8.0,106.0,3.0,0.0,0.0,0.869,(0;110),0.0
63,4.0,BaIn2Ir,ICSD,414434,1.0,8.0,106.0,3.0,0.0,0.0,0.789,(0;000),0.0
63,4.0,BaCuSn2,ICSD,58648,1.0,8.0,98.0,3.0,0.0,0.0,0.864,(1;000),0.0
63,4.0,MnB4O7,ICSD,391409,1.0,24.0,138.0,3.0,0.0,0.0,0.469,(0;000),0.0
63,4.0,CuB4O7,ICSD,391408,1.0,24.0,130.0,3.0,0.0,0.0,0.905,(0;110),0.0
63,4.0,CoB4O7,ICSD,420402,1.0,24.0,142.0,3.0,0.0,0.0,0.488,(0;110),0.0
63,4.0,SrNi5As3,ICSD,33915,1.0,18.0,150.0,3.0,0.0,0.0,0.962,(0;110),0.0
63,4.0,ScAl2Ni,ICSD,370012,1.0,8.0,54.0,3.0,0.0,0.0,0.852,(0;000),0.0
63,4.0,Ca2Ag7,ICSD,55510,1.0,18.0,194.0,3.0,0.0,0.0,0.958,(1;110),0.0
64,1.0,LaS,ICSD,77831,1.0,8.0,36.0,2.0,0.0,0.0,0.635,(1;000),0.0
64,1.0,Hf2Si4Ni3,ICSD,40442,1.0,18.0,140.0,3.0,0.0,0.007,0.61,(1;000),0.0
64,1.0,NiGe2,ICSD,90341,1.0,12.0,72.0,3.0,0.0,0.017,0.54,(0;110),0.0
64,1.0,CsCoO2,ICSD,424937,1.0,16.0,152.0,3.0,0.0,0.008,0.657,(0;110),0.0
64,1.0,Ca5(GaN2)2,ICSD,40372,1.0,22.0,192.0,1.0,0.0,0.007,0.018,(0;110),0.0
64,1.0,Ba2Cd3Bi4,ICSD,416445,1.0,18.0,232.0,3.0,0.0,0.023,0.679,(1;110),0.0
65,1.0,Y11In9Ni4,ICSD,167637,1.0,24.0,278.0,3.0,0.0,0.008,0.922,(0;001),0.0
65,1.0,YNiGe3,ICSD,60646,1.0,10.0,66.0,3.0,0.0,0.005,0.846,(1;001),0.0
65,1.0,Sr3Fe2O5,ICSD,261512,1.0,10.0,76.0,3.0,0.0,0.002,0.74,(0;110),0.0
65,2.0,YMg4Cu,ICSD,419475,1.0,24.0,248.0,1.0,0.0,0.003,0.949,(1;000),0.0
65,2.0,CoReO4,ICSD,72872,1.0,6.0,56.0,3.0,0.0,0.015,0.818,(1;001),0.0
65,2.0,CdHgSBr,ICSD,185392,1.0,16.0,148.0,3.0,0.0,0.002,0.764,(0;000),0.0
65,2.0,Zn5(BRh2)4,ICSD,417990,1.0,17.0,208.0,3.0,0.0,0.007,0.874,(1;000),0.0
67,2.0,Al2CuIr,ICSD,167666,1.0,8.0,68.0,3.0,0.0,0.032,0.244,(1;001),0.0
67,4.0,Ba2NaO,ICSD,411905,1.0,8.0,70.0,1.0,0.0,0.0,0.537,(0;001),0.0
69,1.0,Sr2LiGe3,ICSD,414574,1.0,12.0,70.0,1.0,0.0,0.008,0.514,(0;110),0.0
69,1.0,Sr2Cu2O3,ICSD,68676,1.0,7.0,60.0,1.0,0.0,0.011,0.885,(1;000),0.0
70,1.0,TiSi2,ICSD,1089,1.0,6.0,40.0,3.0,0.0,0.012,0.452,(1;000),0.0
70,1.0,Ba(GeRu)2,ICSD,77143,1.0,10.0,100.0,3.0,0.0,0.023,0.187,(1;111),0.0
70,1.0,Cr2B,ICSD,418163,1.0,12.0,124.0,3.0,0.0,0.007,0.56,(1;111),0.0
71,1.0,Sr(NiP)2,ICSD,85406,1.0,15.0,120.0,2.0,0.0,0.007,0.951,(1;111),0.0
71,1.0,Sr3(LiSb)4,ICSD,25307,1.0,11.0,62.0,1.0,0.0,0.03,0.181,(0;111),0.0
71,1.0,YGe2Ir,ICSD,76509,1.0,16.0,144.0,3.0,0.0,0.019,0.944,(0;000),0.0
71,1.0,Ca2CdPd2,ICSD,425471,1.0,5.0,68.0,3.0,0.0,0.029,0.632,(0;111),0.0
71,1.0,Ba3CdHg10,ICSD,290306,1.0,14.0,162.0,3.0,0.0,0.021,0.529,(0;111),0.0
71,1.0,Sr3(AlGe)2,ICSD,52617,1.0,7.0,44.0,1.0,0.0,0.011,0.612,(1;111),0.0
71,1.0,Ca3(AlGe)2,ICSD,52616,1.0,7.0,44.0,1.0,0.0,0.005,0.676,(0;111),0.0
71,1.0,Ba3(AlGe)2,ICSD,52612,1.0,7.0,44.0,1.0,0.0,0.026,0.465,(1;000),0.0
72,1.0,Y2Si5Ni3,ICSD,84206,1.0,20.0,144.0,3.0,0.0,0.017,0.369,(0;111),0.0
72,2.0,Ni(TePd)2,ICSD,416512,1.0,10.0,116.0,3.0,0.0,0.025,0.54,(1;111),0.0
72,2.0,Fe(PdSe)2,ICSD,416515,1.0,10.0,112.0,3.0,0.0,0.009,0.269,(1;111),0.0
72,4.0,Rb2MnTe2,ICSD,65460,1.0,10.0,90.0,1.0,0.0,0.0,0.275,(0;000),0.0
72,4.0,Rb2MnSe2,ICSD,65457,1.0,10.0,90.0,1.0,0.0,0.0,0.28,(0;100),0.0
72,4.0,Rb2MnS2,ICSD,65454,1.0,10.0,90.0,1.0,0.0,0.0,0.274,(1;001),0.0
72,4.0,K2MnTe2,ICSD,65459,1.0,10.0,90.0,1.0,0.0,0.0,0.27,(0;011),0.0
72,4.0,K2MnSe2,ICSD,65456,1.0,10.0,90.0,1.0,0.0,0.0,0.274,(0;100),0.0
72,4.0,K2MnS2,ICSD,65453,1.0,10.0,90.0,1.0,0.0,0.0,0.363,(0;100),0.0
72,4.0,Y2Ge5Ir3,ICSD,86503,1.0,20.0,186.0,3.0,0.0,0.001,0.569,(1;010),0.0
72,4.0,Mn5Ge2,ICSD,40462,1.0,14.0,166.0,3.0,0.0,0.0,0.631,(0;100),0.0
72,4.0,Li3FeN2,ICSD,68523,1.0,12.0,54.0,3.0,0.0,0.0,0.662,(0;011),0.0
72,4.0,Cs2Mn3Se4,ICSD,78932,1.0,18.0,174.0,2.0,0.0,0.0,0.651,(0;111),0.0
72,4.0,Cs2MnTe2,ICSD,65461,1.0,10.0,90.0,1.0,0.0,0.0,0.301,(1;001),0.0
72,4.0,Cs2MnSe2,ICSD,65458,1.0,10.0,90.0,1.0,0.0,0.0,0.325,(1;001),0.0
72,4.0,Cs2MnS2,ICSD,65455,1.0,10.0,90.0,1.0,0.0,0.0,0.342,(1;101),0.0
72,4.0,Rb2CoSe2,ICSD,67391,1.0,10.0,94.0,1.0,0.0,0.001,0.18,(0;000),0.0
72,4.0,Rb2CoS2,ICSD,67388,1.0,10.0,94.0,1.0,0.0,0.001,0.149,(0;000),0.0
72,4.0,Co(TePd)2,ICSD,416514,1.0,10.0,130.0,3.0,0.0,0.0,0.447,(1;001),0.0
72,4.0,Co(PdSe)2,ICSD,416513,1.0,10.0,130.0,3.0,0.0,0.0,0.515,(1;000),0.0
72,4.0,Na2CoS2,ICSD,67386,1.0,10.0,94.0,1.0,0.0,0.001,0.349,(0;000),0.0
72,4.0,K2CoSe2,ICSD,67390,1.0,10.0,94.0,1.0,0.0,0.001,0.278,(0;000),0.0
72,4.0,K2CoS2,ICSD,67387,1.0,10.0,94.0,1.0,0.0,0.002,0.162,(0;000),0.0
72,4.0,Cs2CoSe2,ICSD,67392,1.0,10.0,94.0,1.0,0.0,0.0,0.185,(0;000),0.0
72,4.0,Cs2CoS2,ICSD,67389,1.0,10.0,94.0,1.0,0.0,0.0,0.195,(0;000),0.0
72,4.0,Ba2Cu3P4,ICSD,69494,1.0,18.0,146.0,2.0,0.0,0.0,0.818,(0;110),0.0
74,2.0,CsNiPdF5,ICSD,74288,1.0,16.0,144.0,3.0,0.0,0.002,0.251,(0;111),0.0
74,2.0,CaZn2,ICSD,418971,1.0,6.0,68.0,3.0,0.0,0.009,0.557,(0;111),0.0
74,4.0,RbHg2,ICSD,408698,1.0,6.0,66.0,3.0,0.0,0.0,0.587,(1;110),0.0
74,4.0,Tl(CuO)2,ICSD,36535,1.0,10.0,94.0,3.0,0.0,0.004,0.531,(1;101),0.0
74,4.0,CsHg2,ICSD,408695,1.0,6.0,66.0,3.0,0.0,0.0,0.434,(0;011),0.0
74,4.0,CuAsF7,ICSD,413972,1.0,18.0,130.0,3.0,0.0,0.003,0.094,(1;110),0.0
79,3.0,Tl(ZnSb)2,ICSD,76499,0.0,10.0,94.0,3.0,0.0,0.005,0.747,,0.0
82,2.0,Zr3Te,ICSD,81539,0.0,16.0,72.0,3.0,0.0,0.005,0.568,,0.0
82,2.0,InPS4,ICSD,23612,0.0,6.0,42.0,1.0,0.0,0.012,0.255,(0;001),1.0
82,2.0,Fe3P,ICSD,43365,0.0,16.0,116.0,3.0,0.0,0.013,1.0,,0.0
85,2.0,AsCl2F3,ICSD,33884,1.0,24.0,160.0,1.0,3.3147,3.34,0.0,(0;000),0.0
85,4.0,VMoO5,ICSD,27315,1.0,14.0,114.0,3.0,0.0,0.0,0.454,(1;001),0.0
85,4.0,MoPO5,ICSD,36095,1.0,14.0,98.0,3.0,0.0,0.0,0.503,(1;001),0.0
87,1.0,Zr5Te4,ICSD,409337,1.0,9.0,84.0,3.0,0.0,0.002,0.686,(1;111),0.0
87,1.0,Ti5Se4,ICSD,55075,1.0,9.0,84.0,3.0,0.0,0.004,0.585,(1;111),0.0
87,1.0,Mo5As4,ICSD,43186,1.0,9.0,90.0,3.0,0.0,0.006,0.602,(1;000),0.0
87,1.0,Ba(Cu2As)4,ICSD,66017,1.0,13.0,118.0,3.0,0.0,0.002,0.977,(1;111),0.0
87,3.0,VO2,ICSD,51214,1.0,12.0,100.0,3.0,0.0,0.002,0.925,(0;000),0.0
87,3.0,Ba9In4,ICSD,421410,1.0,13.0,142.0,1.0,0.0,0.002,0.722,(1;000),0.0
87,3.0,Ba(FeS2)2,ICSD,23081,1.0,7.0,50.0,1.0,0.0,0.002,0.245,(0;111),0.0
87,3.0,Ba(Cu2P)4,ICSD,66016,1.0,13.0,118.0,3.0,0.0,0.005,0.981,(1;111),0.0
88,4.0,Y(PdO2)2,ICSD,78846,1.0,14.0,142.0,3.0,0.0,0.0,0.696,(1;111),0.0
92,3.0,NaFeO2,ICSD,33775,0.0,16.0,116.0,3.0,0.0,0.003,0.434,,0.0
92,4.0,Rb3NiO2,ICSD,424580,0.0,24.0,196.0,3.0,0.0,0.0,0.752,,0.0
97,3.0,Ta2Se8I,ICSD,35190,0.0,22.0,162.0,1.0,0.0,0.009,0.105,,0.0
99,3.0,CoBiO3,ICSD,247466,0.0,5.0,50.0,2.0,0.0,0.014,0.494,(1;000),1.0
99,3.0,BaYFeCuO5,ICSD,71355,0.0,9.0,70.0,3.0,0.0,0.001,0.784,,0.0
107,3.0,BaNiSn3,ICSD,58662,0.0,5.0,62.0,3.0,0.0,0.004,0.383,(0;110),1.0
107,3.0,BaGe3Pd,ICSD,174261,0.0,5.0,32.0,3.0,0.0,0.018,0.403,(1;111),1.0
113,4.0,Ta,ICSD,54206,0.0,22.0,286.0,3.0,0.0,0.0,0.85,,0.0
113,4.0,NaSn5,ICSD,408045,0.0,12.0,158.0,3.0,0.0,0.0,0.851,,0.0
121,1.0,Cu3SbSe4,ICSD,400652,0.0,8.0,62.0,3.0,0.0,0.005,0.232,(1;000),1.0
121,1.0,Cu3SbS4,ICSD,2857,0.0,8.0,62.0,3.0,0.0,0.038,0.105,(1;000),1.0
121,1.0,Cu2HgGeSe4,ICSD,152761,0.0,8.0,62.0,3.0,0.0,0.007,0.007,(1;000),1.0
122,1.0,Rb2O3,ICSD,248539,0.0,20.0,144.0,1.0,0.0,0.003,0.093,(0;000),1.0
122,1.0,InCuSe2,ICSD,154405,0.0,8.0,72.0,3.0,0.0,0.018,0.011,(1;000),1.0
123,1.0,Ba2YTlCu2O7,ICSD,74163,1.0,13.0,108.0,2.0,0.0,0.009,0.963,(0;110),0.0
123,1.0,RbZn4As3,ICSD,262038,1.0,8.0,72.0,2.0,0.0,0.021,0.003,(0;001),0.0
123,1.0,CsZn4As3,ICSD,262030,1.0,8.0,72.0,2.0,0.0,0.04,0.073,(0;001),0.0
123,2.0,Sr2YTlCu2O7,ICSD,74164,1.0,13.0,108.0,3.0,0.0,0.012,0.953,(1;111),0.0
123,2.0,BaTi2As2O,ICSD,169074,1.0,6.0,50.0,2.0,0.0,0.008,0.589,(1;001),0.0
123,3.0,SrNb4O6,ICSD,79355,1.0,22.0,196.0,3.0,0.0,0.003,0.92,(1;001),0.0
123,3.0,In2Pd8Se,ICSD,290932,1.0,11.0,176.0,3.0,0.0,0.005,0.482,(1;111),0.0
123,3.0,KNb4O5F,ICSD,88880,1.0,11.0,98.0,3.0,0.0,0.004,0.604,(0;000),0.0
123,3.0,Ba(Cu3As)2,ICSD,79256,1.0,9.0,86.0,2.0,0.0,0.002,0.654,(1;001),0.0
123,3.0,InAsPd5,ICSD,193117,1.0,7.0,108.0,3.0,0.0,0.003,0.463,(1;000),0.0
124,4.0,TaTe4,ICSD,62049,1.0,10.0,74.0,3.0,0.0,0.0,0.594,(1;110),0.0
127,2.0,Li2Sn5,ICSD,26200,1.0,14.0,152.0,3.0,0.0,0.007,0.963,(0;000),0.0
127,2.0,Y2CdGe2,ICSD,424169,1.0,10.0,84.0,3.0,0.0,0.009,0.462,(1;000),0.0
127,2.0,AlPt3,ICSD,107439,1.0,8.0,66.0,3.0,0.0,0.0,0.715,(1;001),0.0
127,3.0,Sr3Hg2,ICSD,107371,1.0,10.0,108.0,1.0,0.0,0.024,0.727,(0;000),0.0
127,3.0,Hf2Ni2Sn,ICSD,107096,1.0,10.0,116.0,3.0,0.0,0.001,0.879,(0;001),0.0
127,3.0,Y2MgCu2,ICSD,411711,1.0,10.0,108.0,3.0,0.0,0.005,0.738,(0;000),0.0
127,3.0,Sc2GaB2Rh5,ICSD,51438,1.0,20.0,252.0,3.0,0.0,0.001,0.399,(0;000),0.0
127,4.0,Na(Mo2O3)2,ICSD,40962,1.0,22.0,202.0,3.0,0.0,0.0,0.993,(1;111),0.0
127,4.0,Li(SiRh)2,ICSD,420085,1.0,10.0,90.0,3.0,0.0,0.0,0.994,(1;001),0.0
127,4.0,K(Mo2O3)2,ICSD,68533,1.0,22.0,202.0,3.0,0.0,0.0,0.986,(0;001),0.0
127,4.0,Ti2In5,ICSD,401730,1.0,14.0,178.0,3.0,0.0,0.0,0.899,(1;000),0.0
127,4.0,YIn2Ni9,ICSD,192651,1.0,24.0,254.0,3.0,0.0,0.0,0.798,(1;110),0.0
127,4.0,Zr2InNi2,ICSD,107372,1.0,10.0,82.0,3.0,0.0,0.0,0.98,(1;110),0.0
127,4.0,Sc2InNi2,ICSD,107333,1.0,10.0,110.0,3.0,0.0,0.0,0.861,(1;000),0.0
127,4.0,Hf2In5,ICSD,404531,1.0,14.0,178.0,3.0,0.0,0.0,0.923,(1;000),0.0
127,4.0,RbFeF4,ICSD,85499,1.0,12.0,90.0,2.0,0.0,0.0,0.764,(0;000),0.0
127,4.0,KCuF3,ICSD,21110,1.0,10.0,82.0,3.0,0.0,0.0,0.837,(0;001),0.0
127,4.0,Zr2InCo2,ICSD,107331,1.0,10.0,110.0,3.0,0.0,0.0,0.865,(1;000),0.0
127,4.0,CaCd2Cu9,ICSD,424134,1.0,24.0,266.0,3.0,0.0,0.0,0.906,(0;111),0.0
127,4.0,Y(BC)2,ICSD,427155,1.0,10.0,50.0,3.0,0.0,0.0,0.546,(0;000),0.0
127,4.0,Ta3B2Ru5,ICSD,427424,1.0,20.0,250.0,3.0,0.0,0.0,0.989,(0;111),0.0
127,4.0,Nb3B2Ru5,ICSD,423469,1.0,20.0,250.0,3.0,0.0,0.0,0.993,(0;111),0.0
127,4.0,Mg2SiB2Ir5,ICSD,69487,1.0,20.0,230.0,3.0,0.0,0.0,0.986,(0;111),0.0
127,4.0,Mg2GeB2Rh5,ICSD,51432,1.0,20.0,230.0,3.0,0.0,0.0,0.993,(0;000),0.0
127,4.0,Sc2FeB2Rh5,ICSD,51437,1.0,20.0,242.0,3.0,0.0,0.0,0.804,(0;110),0.0
127,4.0,Sc2CrB2Rh5,ICSD,51435,1.0,20.0,254.0,3.0,0.0,0.0,0.968,(0;110),0.0
128,1.0,Nb2B2Os,ICSD,425655,1.0,20.0,192.0,3.0,0.0,0.005,0.534,(0;000),0.0
128,3.0,Ta2B2Os,ICSD,429117,1.0,20.0,192.0,3.0,0.0,0.006,0.527,(0;000),0.0
128,4.0,K2NbCl6,ICSD,245749,1.0,18.0,146.0,1.0,0.0,0.0,0.921,(0;000),0.0
129,1.0,ZrSnTe,ICSD,80190,1.0,6.0,48.0,3.0,0.0,0.016,0.042,(0;001),0.0
129,1.0,Sr(SbPd)2,ICSD,61194,1.0,10.0,112.0,3.0,0.0,0.011,0.794,(0;000),0.0
129,1.0,ZrSiO,ICSD,25731,1.0,6.0,28.0,2.0,0.0,0.041,0.027,(0;001),0.0
129,1.0,YMnSi,ICSD,76235,1.0,6.0,60.0,3.0,0.0,0.003,0.513,(0;001),0.0
129,1.0,HfSiTe,ICSD,25737,1.0,6.0,44.0,2.0,0.0,0.031,0.167,(0;001),0.0
129,1.0,HfSiSe,ICSD,25736,1.0,6.0,44.0,3.0,0.0,0.041,0.134,(0;001),0.0
129,1.0,HfSiS,ICSD,25735,1.0,6.0,44.0,3.0,0.0,0.101,0.125,(0;001),0.0
129,1.0,HfGeTe,ICSD,25743,1.0,6.0,44.0,3.0,0.0,0.042,0.058,(0;001),0.0
129,1.0,HfGeSe,ICSD,25741,1.0,6.0,44.0,3.0,0.0,0.1,0.171,(0;001),0.0
129,1.0,HfGeS,ICSD,25742,1.0,6.0,44.0,3.0,0.0,0.09,0.146,(0;001),0.0
129,1.0,ZrSiCuP,ICSD,59594,1.0,8.0,48.0,3.0,0.0,0.005,0.09,(0;001),0.0
129,1.0,Sr2MnCuSO3,ICSD,91199,1.0,16.0,140.0,1.0,0.0,0.003,0.963,(0;001),0.0
129,1.0,CsFeF4,ICSD,6043,1.0,24.0,180.0,1.0,0.0,0.001,0.659,(0;001),0.0
129,1.0,Sr2MnClO3,ICSD,94745,1.0,14.0,120.0,1.0,0.0,0.003,0.963,(0;001),0.0
129,1.0,Sr2CoClO3,ICSD,91750,1.0,14.0,124.0,1.0,0.0,0.018,0.197,(0;001),0.0
129,1.0,Ba(MgSn)2,ICSD,41915,1.0,20.0,232.0,3.0,0.0,0.004,0.429,(0;001),0.0
129,1.0,Ba(MgPb)2,ICSD,25338,1.0,10.0,116.0,3.0,0.0,0.023,0.35,(0;001),0.0
129,1.0,Sr(GaAu)2,ICSD,370004,1.0,10.0,116.0,3.0,0.0,0.065,0.842,(0;000),0.0
129,1.0,ZrSiCuAs,ICSD,42165,1.0,8.0,48.0,3.0,0.0,0.015,0.079,(0;001),0.0
129,2.0,NiGePd,ICSD,87913,1.0,6.0,64.0,3.0,0.0,0.022,0.282,(1;000),0.0
129,2.0,YCuSb2,ICSD,153572,1.0,8.0,64.0,3.0,0.0,0.045,0.35,(1;000),0.0
129,2.0,SrCuSeF,ICSD,172798,1.0,8.0,68.0,1.0,0.0,0.003,0.435,(1;001),0.0
129,2.0,SrCuSF,ICSD,172796,1.0,8.0,68.0,1.0,0.0,0.013,0.4,(1;001),0.0
129,2.0,ScCoC2,ICSD,62598,1.0,8.0,72.0,3.0,0.0,0.019,0.394,(1;001),0.0
129,2.0,YNiBC,ICSD,85283,1.0,8.0,56.0,3.0,0.0,0.017,0.299,(1;001),0.0
129,2.0,Ca(BeGe)2,ICSD,25337,1.0,10.0,52.0,1.0,0.0,0.012,0.45,(1;000),0.0
129,2.0,Ba(ZnSn)2,ICSD,25339,1.0,10.0,124.0,3.0,0.0,0.019,0.428,(1;000),0.0
129,2.0,Ba(CuSb)2,ICSD,236308,1.0,10.0,84.0,3.0,0.0,0.01,0.517,(1;000),0.0
129,2.0,Sr(SnAu)2,ICSD,427711,1.0,10.0,120.0,3.0,0.0,0.02,0.869,(1;000),0.0
129,2.0,YAgSb2,ICSD,190094,1.0,8.0,64.0,3.0,0.0,0.039,0.354,(1;000),0.0
129,2.0,CuAgS,ICSD,251149,1.0,18.0,168.0,3.0,0.0,0.003,0.242,(1;000),0.0
129,3.0,Sr(CuSb)2,ICSD,41923,1.0,10.0,84.0,3.0,0.0,0.004,0.483,(0;001),0.0
129,3.0,CaNiGe,ICSD,418852,1.0,6.0,48.0,2.0,0.0,0.002,0.796,(0;001),0.0
129,3.0,CuBiTeO,ICSD,187824,1.0,8.0,76.0,3.0,0.0,0.011,0.156,(1;001),0.0
129,3.0,NaFeAs,ICSD,163143,1.0,6.0,44.0,1.0,0.0,0.002,0.46,(1;001),0.0
129,3.0,MgAgSb,ICSD,187150,1.0,6.0,52.0,3.0,0.0,0.009,0.235,(1;000),0.0
129,4.0,YZnSn2,ICSD,183309,1.0,8.0,102.0,3.0,0.0,0.0,0.809,(0;001),0.0
129,4.0,YTiSi,ICSD,88113,1.0,6.0,54.0,3.0,0.0,0.0,0.677,(0;001),0.0
129,4.0,SrSnP,ICSD,63594,1.0,6.0,58.0,2.0,0.0,0.0,0.832,(0;000),0.0
129,4.0,SrMnSn,ICSD,66963,1.0,6.0,78.0,1.0,0.0,0.0,0.868,(0;000),0.0
129,4.0,SrMnSn,ICSD,66951,1.0,6.0,78.0,1.0,0.0,0.0,0.819,(1;000),0.0
129,4.0,RbMnSb,ICSD,41868,1.0,6.0,58.0,1.0,0.0,0.0,0.782,(0;001),0.0
129,4.0,NaMnSb,ICSD,60734,1.0,6.0,58.0,1.0,0.0,0.0,0.867,(1;000),0.0
129,4.0,NaMnP,ICSD,60728,1.0,6.0,58.0,1.0,0.0,0.0,0.869,(1;000),0.0
129,4.0,LiMnP,ICSD,26458,1.0,6.0,46.0,2.0,0.0,0.0,0.847,(0;001),0.0
129,4.0,CaNiGeH,ICSD,263028,1.0,8.0,50.0,1.0,0.0,0.0,0.741,(1;000),0.0
129,4.0,ZrGeSb,ICSD,85000,1.0,6.0,26.0,3.0,0.0,0.0,0.893,(0;001),0.0
129,4.0,SrMnGe,ICSD,66960,1.0,6.0,58.0,1.0,0.0,0.0,0.761,(0;000),0.0
129,4.0,MgMnGe,ICSD,66953,1.0,6.0,58.0,2.0,0.0,0.0,0.852,(1;000),0.0
129,4.0,MgMnGe,ICSD,66948,1.0,6.0,58.0,3.0,0.0,0.0,0.89,(0;001),0.0
129,4.0,Li2VGeO5,ICSD,86777,1.0,18.0,106.0,2.0,0.0,0.0,0.908,(1;000),0.0
129,4.0,SrMnSbF,ICSD,189941,1.0,8.0,74.0,1.0,0.0,0.0,0.875,(1;001),0.0
129,4.0,SrMnPF,ICSD,189939,1.0,8.0,74.0,1.0,0.0,0.0,0.872,(0;001),0.0
129,4.0,HfSi2Cu,ICSD,87174,1.0,8.0,62.0,3.0,0.0,0.0,0.899,(1;000),0.0
129,4.0,Sr2FeCuSO3,ICSD,84963,1.0,16.0,126.0,1.0,0.0,0.0,0.752,(1;001),0.0
129,4.0,Sr2CrCuSO3,ICSD,84962,1.0,16.0,138.0,1.0,0.0,0.0,0.947,(1;001),0.0
129,4.0,MgCoGe,ICSD,418853,1.0,6.0,62.0,3.0,0.0,0.0,0.777,(0;001),0.0
129,4.0,Sr2NiClO3,ICSD,237581,1.0,14.0,110.0,1.0,0.0,0.0,0.901,(0;000),0.0
129,4.0,RbMoPClO5,ICSD,50989,1.0,18.0,130.0,2.0,0.0,0.0,0.927,(0;000),0.0
129,4.0,KMoPClO5,ICSD,50988,1.0,18.0,130.0,2.0,0.0,0.0,0.918,(0;000),0.0
129,4.0,FeWClO4,ICSD,80798,1.0,14.0,134.0,3.0,0.0,0.0,0.627,(0;000),0.0
129,4.0,Sr2FeClO3,ICSD,93508,1.0,14.0,106.0,1.0,0.0,0.0,0.744,(0;000),0.0
129,4.0,FeMoClO4,ICSD,202186,1.0,14.0,106.0,3.0,0.0,0.0,0.921,(1;000),0.0
129,4.0,Ca2FeCuSeO3,ICSD,169993,1.0,16.0,126.0,1.0,0.0,0.0,0.835,(1;001),0.0
129,4.0,Ca2FeCuSO3,ICSD,169992,1.0,16.0,126.0,1.0,0.0,0.0,0.902,(1;001),0.0
129,4.0,CaMnSn,ICSD,66959,1.0,6.0,78.0,2.0,0.0,0.0,0.924,(1;000),0.0
129,4.0,CaMnSn,ICSD,66950,1.0,6.0,78.0,1.0,0.0,0.0,0.845,(0;001),0.0
129,4.0,CaMnSi,ICSD,66955,1.0,6.0,58.0,2.0,0.0,0.0,0.863,(1;000),0.0
129,4.0,CaMnSi,ICSD,66949,1.0,6.0,58.0,1.0,0.0,0.0,0.851,(0;001),0.0
129,4.0,CaMnGe,ICSD,66957,1.0,6.0,58.0,2.0,0.0,0.0,0.865,(1;000),0.0
129,4.0,CaCoSi,ICSD,428148,1.0,6.0,62.0,1.0,0.0,0.0,0.814,(0;001),0.0
129,4.0,Sr2FeBrO3,ICSD,93509,1.0,14.0,106.0,1.0,0.0,0.0,0.782,(0;000),0.0
129,4.0,BaMnSbF,ICSD,248366,1.0,8.0,74.0,1.0,0.0,0.0,0.872,(0;000),0.0
129,4.0,BaMnBiF,ICSD,426033,1.0,8.0,94.0,1.0,0.0,0.0,0.869,(0;000),0.0
129,4.0,NaMnAs,ICSD,26461,1.0,6.0,58.0,1.0,0.0,0.0,0.866,(1;000),0.0
129,4.0,LiMnAs,ICSD,26459,1.0,6.0,46.0,2.0,0.0,0.0,0.824,(0;001),0.0
129,4.0,KMnAs,ICSD,60743,1.0,6.0,58.0,1.0,0.0,0.0,0.833,(1;000),0.0
129,4.0,SrMnAsF,ICSD,189940,1.0,8.0,74.0,1.0,0.0,0.0,0.876,(1;001),0.0
129,4.0,MnCuAs,ICSD,423230,1.0,6.0,62.0,3.0,0.0,0.0,0.811,(1;000),0.0
129,4.0,CsMnAs,ICSD,40572,1.0,6.0,58.0,1.0,0.0,0.0,0.833,(1;001),0.0
129,4.0,LiCoAs,ICSD,107932,1.0,6.0,50.0,2.0,0.0,0.0,0.776,(0;001),0.0
129,4.0,BaMnAsF,ICSD,248365,1.0,8.0,74.0,1.0,0.0,0.0,0.857,(0;000),0.0
131,2.0,TePdI,ICSD,50987,1.0,12.0,124.0,3.0,0.0,0.002,0.983,(1;110),0.0
131,2.0,Ca(PtO2)2,ICSD,6159,1.0,14.0,108.0,3.0,0.0,0.008,0.364,(1;000),0.0
136,1.0,Ca(Cu2P)2,ICSD,62553,1.0,14.0,128.0,3.0,0.0,0.021,0.267,(1;000),0.0
136,3.0,Zr2Ni2Sn,ICSD,405564,1.0,20.0,168.0,3.0,0.0,0.008,0.422,(0;000),0.0
136,3.0,In3Ir,ICSD,407548,1.0,16.0,224.0,3.0,0.0,0.008,0.307,(0;000),0.0
136,3.0,Zr2InPd2,ICSD,404888,1.0,20.0,228.0,3.0,0.0,0.004,0.549,(0;000),0.0
136,3.0,Hf2Ni2Sn,ICSD,407546,1.0,20.0,232.0,3.0,0.0,0.014,0.422,(0;000),0.0
136,3.0,Sr2LiCoN2,ICSD,72387,1.0,12.0,100.0,1.0,0.0,0.008,0.377,(1;000),0.0
136,3.0,Mg(BiO3)2,ICSD,50005,1.0,18.0,152.0,3.0,0.0,0.008,0.035,(0;000),0.0
136,4.0,ReO2,ICSD,154021,1.0,6.0,54.0,3.0,0.0,0.0,0.836,(0;000),0.0
136,4.0,Y(Ni2P)2,ICSD,189495,1.0,14.0,122.0,3.0,0.0,0.0,0.949,(1;000),0.0
136,4.0,Rb3NiO2,ICSD,424579,1.0,12.0,98.0,2.0,0.0,0.0,0.589,(0;000),0.0
136,4.0,K3NiO2,ICSD,262579,1.0,12.0,98.0,2.0,0.0,0.0,0.603,(0;000),0.0
136,4.0,Sc(Fe2P)2,ICSD,68525,1.0,14.0,106.0,3.0,0.0,0.0,0.869,(1;000),0.0
136,4.0,Li2VF6,ICSD,290252,1.0,18.0,122.0,1.0,0.0,0.0,0.711,(0;110),0.0
136,4.0,VF2,ICSD,38069,1.0,6.0,54.0,3.0,0.0,0.001,0.793,(0;000),0.0
136,4.0,Cu(SbO3)2,ICSD,84789,1.0,18.0,114.0,3.0,0.0,0.0,0.877,(0;000),0.0
136,4.0,Cs3NiO2,ICSD,424578,1.0,12.0,98.0,3.0,0.0,0.0,0.766,(0;000),0.0
137,3.0,Nb4O5,ICSD,39595,1.0,18.0,164.0,3.0,0.0,0.004,0.327,(0;000),0.0
137,4.0,Li6CoO4,ICSD,62688,1.0,22.0,118.0,3.0,0.0,0.0,0.95,(1;000),0.0
139,1.0,YSi3,ICSD,263005,1.0,16.0,92.0,3.0,0.0,0.004,0.638,(0;000),0.0
139,1.0,Sr(SbPd)2,ICSD,61195,1.0,5.0,56.0,3.0,0.0,0.008,0.775,(0;000),0.0
139,1.0,Sr(PRh)2,ICSD,50186,1.0,5.0,54.0,2.0,0.0,0.018,0.576,(1;000),0.0
139,1.0,Sr(PPd)2,ICSD,36373,1.0,5.0,56.0,2.0,0.0,0.055,0.807,(1;000),0.0
139,1.0,Sr3V2O7,ICSD,71320,1.0,12.0,98.0,2.0,0.0,0.01,0.766,(0;000),0.0
139,1.0,ScSi3Ni2,ICSD,41771,1.0,12.0,86.0,3.0,0.0,0.009,0.936,(1;000),0.0
139,1.0,Na2Ti2Sb2O,ICSD,91204,1.0,7.0,58.0,1.0,0.0,0.019,0.592,(0;000),0.0
139,1.0,Sr2MoO4,ICSD,152123,1.0,7.0,58.0,3.0,0.0,0.05,0.763,(0;000),0.0
139,1.0,MgPd3,ICSD,150228,1.0,8.0,128.0,3.0,0.0,0.006,0.682,(1;000),0.0
139,1.0,K2Mg5Sn3,ICSD,421342,1.0,10.0,110.0,1.0,0.0,0.014,0.15,(0;000),0.0
139,1.0,Sr(InHg)2,ICSD,427211,1.0,5.0,60.0,3.0,0.0,0.032,0.716,(1;000),0.0
139,1.0,Hf3Te2,ICSD,75936,1.0,5.0,48.0,2.0,0.0,0.011,0.811,(0;000),0.0
139,1.0,Sr(ZnGe)2,ICSD,411,1.0,5.0,42.0,3.0,0.0,0.011,0.303,(1;111),0.0
139,1.0,Sr(MnGe)2,ICSD,403,1.0,5.0,48.0,3.0,0.0,0.005,0.746,(0;111),0.0
139,1.0,Sr(GeIr)2,ICSD,165737,1.0,5.0,52.0,3.0,0.0,0.043,0.561,(1;111),0.0
139,1.0,Sr3(FeO3)2,ICSD,249014,1.0,11.0,82.0,1.0,0.0,0.008,0.799,(1;111),0.0
139,1.0,Sr2FeO4,ICSD,74421,1.0,7.0,52.0,2.0,0.0,0.003,0.768,(0;000),0.0
139,1.0,Rb2NiF4,ICSD,69682,1.0,7.0,56.0,2.0,0.0,0.006,0.71,(0;000),0.0
139,1.0,Sr2Ti2Sb2OF2,ICSD,167014,1.0,9.0,74.0,1.0,0.0,0.022,0.576,(0;000),0.0
139,1.0,Sr2Cu2Ni(SO)2,ICSD,88424,1.0,9.0,76.0,1.0,0.0,0.022,0.476,(1;000),0.0
139,1.0,Sr3Fe2Cu2Se2O5,ICSD,154203,1.0,14.0,110.0,1.0,0.0,0.001,0.694,(0;111),0.0
139,1.0,HfCuGe,ICSD,290194,1.0,6.0,54.0,3.0,0.0,0.0,0.623,(1;000),0.0
139,1.0,Sr2CrO4,ICSD,245595,1.0,7.0,58.0,2.0,0.0,0.021,0.786,(0;000),0.0
139,1.0,NaTeH6O6F,ICSD,42,0.0,15.0,64.0,1.0,3.6488,3.725,0.0,(0;000),0.0
139,1.0,Sr(CoGe)2,ICSD,407,1.0,5.0,52.0,3.0,0.0,0.005,0.628,(1;000),0.0
139,1.0,K3Co2F7,ICSD,33524,1.0,12.0,110.0,2.0,0.0,0.011,0.959,(0;000),0.0
139,1.0,Rb3Mn2Cl7,ICSD,30081,1.0,12.0,106.0,2.0,0.0,0.006,0.842,(0;000),0.0
139,1.0,K3Mn2Cl7,ICSD,36127,1.0,12.0,106.0,2.0,0.0,0.004,0.851,(0;000),0.0
139,1.0,Sr3Fe2(ClO2)2,ICSD,174532,1.0,11.0,84.0,1.0,0.0,0.003,0.804,(0;000),0.0
139,1.0,Sr3Co2Cl2O5,ICSD,90123,1.0,12.0,108.0,1.0,0.0,0.028,0.519,(0;111),0.0
139,1.0,Sr3Co2(ClO2)2,ICSD,251170,1.0,11.0,102.0,1.0,0.0,0.003,0.862,(0;000),0.0
139,1.0,Sr(CdGa)2,ICSD,370021,1.0,5.0,60.0,3.0,0.0,0.013,0.813,(0;000),0.0
139,1.0,Ca(ZnSi)2,ICSD,59649,1.0,5.0,42.0,3.0,0.0,0.007,0.413,(0;000),0.0
139,1.0,Ca(SiRh)2,ICSD,425469,1.0,5.0,52.0,3.0,0.0,0.036,0.611,(1;111),0.0
139,1.0,Ca(PRh)2,ICSD,50185,1.0,5.0,54.0,2.0,0.0,0.053,0.174,(0;111),0.0
139,1.0,Ca(PPd)2,ICSD,36371,1.0,5.0,56.0,2.0,0.0,0.056,0.804,(1;000),0.0
139,1.0,CaPd2,ICSD,30835,1.0,3.0,46.0,2.0,0.0,0.017,0.582,(1;111),0.0
139,1.0,CaIn,ICSD,414231,1.0,8.0,92.0,1.0,0.0,0.0,0.494,(0;111),0.0
139,1.0,Ca(GeRu)2,ICSD,52761,1.0,5.0,50.0,3.0,0.0,0.002,0.499,(1;000),0.0
139,1.0,Ca(GePd)2,ICSD,52759,1.0,5.0,54.0,3.0,0.0,0.005,0.701,(0;000),0.0
139,1.0,Ca(NiGe)2,ICSD,408,1.0,5.0,38.0,3.0,0.0,0.011,0.725,(0;111),0.0
139,1.0,Ca(MnGe)2,ICSD,81743,1.0,5.0,48.0,3.0,0.0,0.001,0.817,(1;000),0.0
139,1.0,Ca(GeIr)2,ICSD,52755,1.0,5.0,52.0,3.0,0.0,0.072,0.573,(1;111),0.0
139,1.0,Ca(CuP)2,ICSD,41756,1.0,5.0,42.0,2.0,0.0,0.004,0.354,(1;111),0.0
139,1.0,Ca(CoSi)2,ICSD,420974,1.0,5.0,52.0,3.0,0.0,0.022,0.623,(1;111),0.0
139,1.0,Ca(CoGe)2,ICSD,406,1.0,5.0,52.0,3.0,0.0,0.024,0.628,(1;111),0.0
139,1.0,RbNiC2N2Cl,ICSD,380471,1.0,14.0,88.0,3.0,0.0,0.006,0.273,(0;000),0.0
139,1.0,CsNiC2N2Cl,ICSD,380469,1.0,14.0,88.0,2.0,0.0,0.009,0.271,(0;000),0.0
139,1.0,RbNiC2BrN2,ICSD,380470,1.0,14.0,88.0,3.0,0.0,0.009,0.315,(0;000),0.0
139,1.0,CsNiC2BrN2,ICSD,380468,1.0,14.0,88.0,3.0,0.0,0.012,0.283,(0;000),0.0
139,1.0,Rb3Mn2Br7,ICSD,32544,1.0,12.0,106.0,2.0,0.0,0.001,0.861,(0;000),0.0
139,1.0,Sr3Fe2Br2O5,ICSD,69872,1.0,12.0,90.0,1.0,0.0,0.006,0.704,(0;000),0.0
139,1.0,Sr2Bi,ICSD,41836,1.0,6.0,50.0,1.0,0.0,0.035,0.055,(0;111),0.0
139,1.0,BePd2,ICSD,107609,1.0,3.0,40.0,3.0,0.0,0.02,0.675,(0;000),0.0
139,1.0,Ba3(Ge4Ir)4,ICSD,189363,1.0,23.0,162.0,3.0,0.0,0.014,0.563,(0;000),0.0
139,1.0,Ba2Sb,ICSD,41837,1.0,6.0,50.0,1.0,0.0,0.024,0.277,(0;111),0.0
139,1.0,Ba2Hg,ICSD,30084,1.0,3.0,32.0,2.0,0.0,0.044,0.609,(0;111),0.0
139,1.0,Ba2Mn2Se2OF2,ICSD,183149,1.0,9.0,82.0,1.0,0.0,0.009,0.65,(0;111),0.0
139,1.0,Ba2CaTl2(CuO4)2,ICSD,78593,1.0,15.0,126.0,3.0,0.0,0.007,0.975,(0;000),0.0
139,1.0,Ba2Bi,ICSD,2141,1.0,6.0,70.0,1.0,0.0,0.014,0.226,(0;111),0.0
139,1.0,Ba(SbPd)2,ICSD,61197,1.0,5.0,56.0,3.0,0.0,0.029,0.777,(0;000),0.0
139,1.0,Ba(PRh)2,ICSD,50188,1.0,5.0,54.0,2.0,0.0,0.018,0.654,(1;000),0.0
139,1.0,Ba(MnSb)2,ICSD,32019,1.0,5.0,50.0,2.0,0.0,0.002,0.868,(0;111),0.0
139,1.0,Ba(CoGe)2,ICSD,420975,1.0,5.0,52.0,2.0,0.0,0.001,0.56,(1;000),0.0
139,1.0,Ba(CdGe)2,ICSD,174263,1.0,5.0,42.0,3.0,0.0,0.038,0.327,(1;111),0.0
139,1.0,Ba2Ti2Fe2As4O,ICSD,263018,1.0,11.0,86.0,1.0,0.0,0.008,0.714,(0;111),0.0
139,1.0,Sr(AsPd)2,ICSD,36374,1.0,5.0,56.0,3.0,0.0,0.009,0.729,(0;111),0.0
139,1.0,Sr2Ti2As2OF2,ICSD,167013,1.0,9.0,74.0,1.0,0.0,0.012,0.752,(0;111),0.0
139,1.0,Sr(CuAs)2,ICSD,78756,1.0,5.0,42.0,3.0,0.0,0.055,0.314,(1;111),0.0
139,1.0,Ca(AsPd)2,ICSD,36372,1.0,5.0,56.0,3.0,0.0,0.003,0.73,(0;111),0.0
139,1.0,Ba(AsRh)2,ICSD,416983,1.0,5.0,54.0,2.0,0.0,0.008,0.622,(1;000),0.0
139,1.0,Ba(MnAs)2,ICSD,41794,1.0,5.0,50.0,2.0,0.0,0.009,0.867,(0;111),0.0
139,1.0,Ca(MnAl2)4,ICSD,57545,1.0,13.0,94.0,3.0,0.0,0.004,0.728,(0;111),0.0
139,1.0,Ca(Al2Cu)4,ICSD,57539,1.0,13.0,78.0,3.0,0.0,0.003,0.521,(1;111),0.0
139,3.0,PdO,ICSD,41617,1.0,2.0,24.0,3.0,0.0,0.011,0.625,(0;000),0.0
139,3.0,Ni2PdSe2,ICSD,419760,1.0,20.0,200.0,3.0,0.0,0.002,0.68,(0;111),0.0
139,3.0,SrN2,ICSD,423722,1.0,3.0,20.0,1.0,0.0,0.005,0.58,(0;000),0.0
139,3.0,Sr(NiGe)2,ICSD,165736,1.0,5.0,38.0,3.0,0.0,0.007,0.715,(0;111),0.0
139,3.0,Mg2Ga5,ICSD,23227,1.0,14.0,170.0,3.0,0.0,0.0,0.692,(1;111),0.0
139,3.0,Cs2Pd(ICl2)2,ICSD,240484,1.0,9.0,78.0,1.0,0.0,0.031,0.268,(1;111),0.0
139,3.0,K4W2Cl10O,ICSD,1923,1.0,17.0,168.0,1.0,0.0,0.001,0.498,(1;111),0.0
139,3.0,CaN2,ICSD,423721,1.0,3.0,20.0,1.0,0.0,0.006,0.578,(0;000),0.0
139,3.0,CaGe3,ICSD,262736,1.0,16.0,88.0,1.0,0.0,0.007,0.607,(0;111),0.0
139,3.0,Ca(FeSi)2,ICSD,425467,1.0,5.0,34.0,3.0,0.0,0.011,0.645,(1;000),0.0
139,3.0,Ba(ZnSi)2,ICSD,174269,1.0,5.0,42.0,3.0,0.0,0.005,0.274,(1;000),0.0
139,3.0,Ba(NiP)2,ICSD,85408,1.0,5.0,40.0,2.0,0.0,0.013,0.833,(1;111),0.0
139,3.0,BaIn4,ICSD,414230,1.0,5.0,62.0,3.0,0.0,0.003,0.201,(1;000),0.0
139,3.0,Ba(MnGe)2,ICSD,404,1.0,5.0,48.0,3.0,0.0,0.001,0.733,(0;000),0.0
139,3.0,Ca(CdAu2)2,ICSD,424033,1.0,7.0,78.0,3.0,0.0,0.029,0.418,(1;111),0.0
139,3.0,Ba(AsPd)2,ICSD,61196,1.0,5.0,56.0,3.0,0.0,0.023,0.752,(1;111),0.0
139,3.0,Ba(AsPd)2,ICSD,36377,1.0,10.0,112.0,3.0,0.0,0.011,0.884,(0;111),0.0
139,3.0,Ba(AlSi)2,ICSD,153385,1.0,5.0,24.0,2.0,0.0,0.0,0.319,(1;000),0.0
140,1.0,SrRuO3,ICSD,86940,1.0,10.0,88.0,3.0,0.0,0.011,0.547,(0;000),0.0
140,1.0,SrMoO3,ICSD,174206,1.0,5.0,42.0,3.0,0.0,0.0,0.772,(0;000),0.0
140,1.0,Mg2Pt,ICSD,245120,1.0,6.0,60.0,3.0,0.0,0.018,0.323,(0;111),0.0
140,1.0,CrSb2,ICSD,86811,1.0,6.0,48.0,3.0,0.0,0.006,0.448,(0;000),0.0
140,1.0,Cs3CdBr5,ICSD,39599,1.0,18.0,148.0,1.0,3.1932,3.193,0.0,(0;000),0.0
140,2.0,Ca(Ni2Sn)2,ICSD,418133,1.0,14.0,156.0,3.0,0.0,0.0,0.435,(1;111),0.0
140,2.0,Ti4FeBi2,ICSD,150146,1.0,14.0,172.0,3.0,0.0,0.002,0.679,(1;111),0.0
140,3.0,V4SiSb2,ICSD,82564,1.0,14.0,132.0,3.0,0.0,0.007,0.927,(1;000),0.0
140,3.0,Sr(Ni2Sn)2,ICSD,418131,1.0,14.0,156.0,3.0,0.0,0.001,0.333,(1;111),0.0
140,3.0,Sr(Cu2Sn)2,ICSD,422455,1.0,14.0,164.0,3.0,0.0,0.003,0.752,(1;111),0.0
140,3.0,Ba5Pb3,ICSD,58668,1.0,16.0,184.0,1.0,0.0,0.007,0.558,(0;111),0.0
140,3.0,Ba3CrO5,ICSD,73893,1.0,18.0,148.0,1.0,0.0,0.0,0.531,(1;000),0.0
140,4.0,Tl5Te3,ICSD,40260,1.0,16.0,166.0,3.0,0.0,0.0,0.538,(0;000),0.0
140,4.0,LiSn4Ru,ICSD,412250,1.0,12.0,150.0,3.0,0.0,0.0,0.496,(1;111),0.0
140,4.0,Ca5Sn3H,ICSD,165190,1.0,18.0,186.0,1.0,0.0,0.001,0.47,(0;000),0.0
140,4.0,Nb5Ge3,ICSD,2003,1.0,16.0,154.0,3.0,0.0,0.002,0.613,(0;000),0.0
140,4.0,Sr5Pb3F,ICSD,165195,1.0,18.0,198.0,1.0,0.0,0.001,0.574,(0;000),0.0
140,4.0,Ti5CuSb2,ICSD,159248,1.0,16.0,162.0,3.0,0.0,0.001,0.677,(1;000),0.0
140,4.0,RbCuF3,ICSD,69656,1.0,10.0,82.0,3.0,0.0,0.004,0.236,(0;000),0.0
140,4.0,KCuF3,ICSD,9856,1.0,10.0,82.0,3.0,0.0,0.009,0.248,(0;000),0.0
140,4.0,Cs3MnI5,ICSD,403102,1.0,18.0,154.0,1.0,0.0,0.0,0.298,(0;111),0.0
140,4.0,Cs3MnCl5,ICSD,24,1.0,18.0,154.0,1.0,0.0,0.0,0.337,(1;111),0.0
140,4.0,Ti4MnBi2,ICSD,150145,1.0,14.0,186.0,3.0,0.0,0.0,0.573,(1;111),0.0
140,4.0,Ti4CoBi2,ICSD,150147,1.0,14.0,190.0,3.0,0.0,0.0,0.92,(1;111),0.0
141,1.0,V2H,ICSD,61422,1.0,12.0,108.0,3.0,0.0,0.003,0.756,(1;111),0.0
141,1.0,LiAg,ICSD,247145,1.0,4.0,28.0,3.0,0.0,0.025,0.646,(1;111),0.0
141,4.0,LiSn,ICSD,107516,1.0,12.0,102.0,3.0,0.0,0.0,0.856,(1;111),0.0
141,4.0,Sr4In2N,ICSD,62536,1.0,14.0,142.0,1.0,0.0,0.0,0.891,(1;111),0.0
141,4.0,Li2CuSn2,ICSD,426084,1.0,10.0,90.0,3.0,0.0,0.0,0.933,(1;111),0.0
141,4.0,Cs,ICSD,150187,1.0,2.0,18.0,3.0,0.0,0.0,0.599,(1;111),0.0
141,4.0,Li2AgSn2,ICSD,426085,1.0,10.0,90.0,3.0,0.0,0.0,0.927,(1;111),0.0
142,3.0,Sn4Rh,ICSD,174219,1.0,20.0,292.0,3.0,0.0,0.001,0.55,(1;111),0.0
142,3.0,Sn4Ir,ICSD,412573,1.0,20.0,292.0,3.0,0.0,0.003,0.491,(1;111),0.0
146,3.0,KNi(PO3)3,ICSD,91527,0.0,14.0,88.0,3.0,0.0,0.0,0.653,,0.0
148,1.0,Tl6TeO12,ICSD,37134,1.0,19.0,156.0,3.0,0.0769,0.01,1.0,(1;000),0.0
148,1.0,MnGeO3,ICSD,73247,1.0,10.0,74.0,3.0,0.0,0.027,0.326,(1;111),0.0
148,1.0,Cr2Se3,ICSD,106520,1.0,10.0,92.0,3.0,0.0,0.011,0.356,(1;000),0.0
148,1.0,CrGeTe3,ICSD,79270,1.0,10.0,72.0,2.0,0.0,0.031,0.084,(1;111),0.0
148,1.0,Sc7NCl12,ICSD,201976,1.0,20.0,166.0,3.0,0.0,0.037,0.019,(1;111),0.0
148,1.0,Sc7CoCl12,ICSD,424476,1.0,20.0,178.0,3.0,0.1088,0.149,0.0,(0;000),0.0
148,1.0,Ca(Mo3S4)2,ICSD,62388,1.0,15.0,142.0,3.0,0.0,0.041,0.702,(1;000),0.0
148,1.0,TiBr3,ICSD,39242,1.0,8.0,66.0,2.0,0.0,0.008,0.833,(1;000),0.0
148,1.0,Ba6Re2N6O,ICSD,419636,1.0,15.0,126.0,1.0,0.0,0.046,0.473,(1;111),0.0
148,1.0,Ba6Os2N6O,ICSD,419467,1.0,15.0,128.0,1.0,0.0,0.007,0.163,(1;000),0.0
148,3.0,WCl3,ICSD,109512,1.0,24.0,294.0,2.0,0.0,0.001,0.624,(0;000),0.0
148,3.0,Ca3Au4,ICSD,54547,1.0,14.0,148.0,3.0,0.0,0.001,0.29,(1;000),0.0
150,4.0,TaTl(PO4)2,ICSD,190109,0.0,12.0,84.0,1.0,0.0,0.0,0.511,,0.0
156,3.0,NaMnTe2,ICSD,110774,0.0,4.0,36.0,1.0,0.0,0.007,0.726,(1;100),1.0
156,3.0,NaMnSe2,ICSD,50818,0.0,4.0,36.0,1.0,0.0,0.015,0.72,(1;100),1.0
156,3.0,LiMnTe2,ICSD,110773,0.0,4.0,30.0,1.0,0.0,0.002,0.716,(1;100),1.0
156,3.0,LiMnSe2,ICSD,50817,0.0,4.0,30.0,1.0,0.0,0.002,0.677,(1;100),1.0
160,3.0,Zn(InS2)2,ICSD,42667,0.0,7.0,62.0,2.0,0.0,0.011,0.068,(1;000),1.0
160,3.0,VH6(OF)3,ICSD,69571,0.0,13.0,58.0,1.0,0.0,0.0,0.289,(0;000),1.0
161,3.0,Li2ReO3,ICSD,200999,0.0,12.0,78.0,3.0,0.0,0.001,0.327,(0;111),1.0
161,3.0,LiReO3,ICSD,35012,0.0,10.0,72.0,3.0,0.0,0.0,0.563,(0;000),1.0
161,4.0,TiMnO3,ICSD,65359,0.0,10.0,90.0,3.0,0.0,0.0,0.7,,0.0
161,4.0,TiMnO3,ICSD,190911,0.0,10.0,90.0,3.0,0.0,0.0,0.867,,0.0
161,4.0,FeBiO3,ICSD,97591,0.0,10.0,62.0,3.0,0.0,0.0,0.523,,0.0
161,4.0,FeBiO3,ICSD,75324,0.0,10.0,62.0,3.0,0.0,0.001,0.525,,0.0
161,4.0,FeBiO3,ICSD,51664,0.0,10.0,62.0,3.0,0.0,0.0,0.523,,0.0
161,4.0,FeBiO3,ICSD,260119,0.0,10.0,62.0,3.0,0.0,0.001,0.531,,0.0
161,4.0,FeBiO3,ICSD,260118,0.0,10.0,62.0,3.0,0.0,0.001,0.605,,0.0
161,4.0,FeBiO3,ICSD,245827,0.0,10.0,62.0,3.0,0.0,0.001,0.531,,0.0
161,4.0,FeBiO3,ICSD,237368,0.0,10.0,62.0,3.0,0.0,0.0,0.519,,0.0
161,4.0,FeBiO3,ICSD,237367,0.0,10.0,62.0,3.0,0.0,0.0,0.527,,0.0
161,4.0,FeBiO3,ICSD,192511,0.0,10.0,62.0,3.0,0.0,0.0,0.508,,0.0
161,4.0,FeBiO3,ICSD,192509,0.0,10.0,62.0,3.0,0.0,0.0,0.523,,0.0
161,4.0,FeBiO3,ICSD,191940,0.0,10.0,62.0,3.0,0.0,0.0,0.523,,0.0
161,4.0,FeBiO3,ICSD,188396,0.0,10.0,62.0,3.0,0.0,0.0,0.57,,0.0
161,4.0,FeBiO3,ICSD,163688,0.0,10.0,62.0,3.0,0.0,0.0,0.527,,0.0
161,4.0,FeBiO3,ICSD,163687,0.0,10.0,62.0,3.0,0.0,0.0,0.492,,0.0
161,4.0,FeBiO3,ICSD,15299,0.0,10.0,62.0,3.0,0.0,0.0,0.535,,0.0
161,4.0,FeBiO3,ICSD,109370,0.0,10.0,62.0,3.0,0.0,0.0,0.508,,0.0
162,3.0,As2PdO6,ICSD,187099,1.0,9.0,64.0,3.0,0.0,0.0,0.618,(0;000),0.0
162,3.0,Ni(AsO3)2,ICSD,80349,1.0,9.0,56.0,3.0,0.0,0.0,0.634,(0;000),0.0
163,1.0,NiMoP8,ICSD,71037,1.0,20.0,128.0,3.0,0.0,0.002,0.08,(1;000),0.0
163,3.0,LiGaPdF6,ICSD,78748,1.0,18.0,152.0,3.0,0.0,0.005,0.096,(0;000),0.0
163,3.0,LiAlPdF6,ICSD,73132,1.0,18.0,132.0,3.0,0.0,0.002,0.052,(0;000),0.0
163,4.0,Na3CrCl6,ICSD,62035,1.0,20.0,166.0,1.0,0.0,0.0,0.176,(1;000),0.0
164,1.0,ZrTe2,ICSD,653213,1.0,3.0,16.0,2.0,0.0,0.002,0.303,(1;001),0.0
164,1.0,Sb2Te,ICSD,69557,1.0,9.0,48.0,3.0,0.0,0.135,0.063,(1;000),0.0
164,1.0,Te2Pd,ICSD,42554,1.0,3.0,22.0,3.0,0.0,0.211,0.316,(1;000),0.0
164,1.0,Sr(MnSb)2,ICSD,41790,1.0,5.0,50.0,2.0,0.0,0.01,0.538,(1;001),0.0
164,1.0,Sr(MnP)2,ICSD,77670,1.0,5.0,50.0,2.0,0.0,0.012,0.406,(1;001),0.0
164,1.0,Zn(InS2)2,ICSD,42668,1.0,14.0,124.0,1.0,0.0,0.01,0.178,(0;001),0.0
164,1.0,HgPt2Se3,ICSD,185808,1.0,12.0,100.0,3.0,0.0,0.027,0.207,(0;001),0.0
164,1.0,SiH,ICSD,41478,1.0,4.0,10.0,2.0,2.0532,2.092,0.0,(0;000),0.0
164,1.0,GeSb4Te7,ICSD,42875,1.0,12.0,66.0,2.0,0.056,0.111,0.0,(1;001),0.0
164,1.0,K3Na(FeO4)2,ICSD,159909,1.0,14.0,100.0,1.0,0.0,0.008,0.168,(0;001),0.0
164,1.0,In2Fe2Se5,ICSD,155025,1.0,18.0,144.0,1.0,0.0,0.009,0.778,(1;000),0.0
164,1.0,Ca(MnSb)2,ICSD,416093,1.0,5.0,50.0,2.0,0.0,0.008,0.559,(1;001),0.0
164,1.0,Ca(MnP)2,ICSD,49017,1.0,5.0,50.0,2.0,0.0,0.013,0.494,(1;001),0.0
164,1.0,V2C,ICSD,5005,1.0,3.0,30.0,3.0,0.0,0.036,0.239,(1;000),0.0
164,1.0,Nb2C,ICSD,43670,1.0,3.0,30.0,3.0,0.0,0.088,0.234,(1;000),0.0
164,1.0,Bi4Te7Pb,ICSD,42707,1.0,12.0,116.0,3.0,0.0,0.056,0.062,(1;001),0.0
164,1.0,GeBi4Te7,ICSD,42891,1.0,12.0,106.0,3.0,0.0,0.074,0.057,(1;001),0.0
164,1.0,Bi2Te5Pb2,ICSD,42708,1.0,9.0,88.0,3.0,0.0,0.002,0.115,(1;000),0.0
164,1.0,Bi2Pb2Se5,ICSD,30372,1.0,9.0,88.0,3.0,0.0977,0.215,0.0,(1;000),0.0
164,1.0,Mg3Bi2,ICSD,659569,1.0,5.0,60.0,2.0,0.0,0.173,0.176,(1;000),0.0
164,1.0,Ca(MnBi)2,ICSD,41791,1.0,5.0,70.0,2.0,0.0,0.008,0.603,(1;001),0.0
164,1.0,BiTe,ICSD,100654,1.0,12.0,126.0,2.0,0.0457,0.097,0.0,(0;001),0.0
164,1.0,Ba3CaRu2O9,ICSD,152482,1.0,15.0,126.0,1.0,0.0,0.01,0.267,(1;001),0.0
164,1.0,GeTe7As4,ICSD,41107,1.0,12.0,66.0,2.0,0.0,0.012,0.072,(1;001),0.0
164,1.0,Mn2ZnAs2,ICSD,39512,1.0,5.0,52.0,3.0,0.0,0.014,0.505,(0;001),0.0
164,1.0,Sr(MnAs)2,ICSD,41793,1.0,5.0,50.0,2.0,0.0,0.012,0.495,(1;001),0.0
164,1.0,Ge5(Te4As)2,ICSD,63174,1.0,15.0,78.0,2.0,0.0,0.027,0.089,(1;001),0.0
164,3.0,Ti2O,ICSD,24081,1.0,3.0,30.0,3.0,0.0,0.025,0.314,(0;000),0.0
164,3.0,ZnNi3Sb2,ICSD,240197,1.0,6.0,52.0,3.0,0.0,0.003,0.629,(0;001),0.0
164,3.0,Na2SO4,ICSD,27955,1.0,14.0,96.0,1.0,0.0,0.0,0.521,(1;000),0.0
164,3.0,Rb3Na(RuO4)2,ICSD,416038,1.0,14.0,116.0,1.0,0.0,0.003,0.072,(0;001),0.0
164,3.0,Rb2Hg7,ICSD,107483,1.0,9.0,102.0,3.0,0.0,0.003,0.699,(0;000),0.0
164,3.0,K2Hg7,ICSD,107482,1.0,9.0,102.0,3.0,0.0,0.0,0.665,(0;001),0.0
164,3.0,Hf(CuP)2,ICSD,53287,1.0,5.0,44.0,3.0,0.0,0.001,0.174,(1;000),0.0
164,3.0,Sc2C,ICSD,280743,1.0,3.0,26.0,2.0,0.0,0.001,0.283,(1;001),0.0
164,3.0,Ba3CaIr2O9,ICSD,246280,1.0,15.0,128.0,3.0,0.0,0.002,0.47,(0;001),0.0
164,3.0,Ba2Ni3,ICSD,423734,1.0,5.0,50.0,2.0,0.0,0.0,0.618,(1;001),0.0
164,3.0,Al3Pt2,ICSD,58134,1.0,10.0,58.0,3.0,0.0,0.011,0.797,(0;001),0.0
165,1.0,YH3,ICSD,154809,1.0,24.0,84.0,3.0,0.0,0.037,0.008,(1;000),0.0
165,1.0,Cu3As,ICSD,26776,1.0,24.0,228.0,3.0,0.0,0.003,0.3,(1;000),0.0
165,4.0,Ca5CuPb3,ICSD,240159,1.0,18.0,206.0,1.0,0.0,0.0,0.617,(1;000),0.0
166,1.0,Zr3Te,ICSD,653216,1.0,12.0,54.0,3.0,0.0,0.047,0.356,(0;111),0.0
166,1.0,Te,ICSD,52499,1.0,2.0,12.0,3.0,0.0,0.136,0.557,(1;000),0.0
166,1.0,SrSn3,ICSD,410956,1.0,16.0,208.0,3.0,0.0,0.028,0.516,(1;111),0.0
166,1.0,TiSe,ICSD,652055,1.0,8.0,72.0,3.0,0.0,0.012,0.693,(1;000),0.0
166,1.0,Sb8Te3,ICSD,152188,1.0,11.0,58.0,0.0,0.0,0.076,0.042,(1;111),0.0
166,1.0,V3Sb2,ICSD,41814,1.0,10.0,98.0,3.0,0.0,0.014,0.367,(0;000),0.0
166,1.0,Sb2Te3,ICSD,2084,1.0,5.0,28.0,2.0,0.1121,0.227,0.0,(1;000),0.0
166,1.0,Sn(SbTe2)2,ICSD,30392,1.0,7.0,48.0,3.0,0.0,0.071,0.128,(1;111),0.0
166,1.0,Sb2TeSe2,ICSD,651529,1.0,5.0,28.0,2.0,0.0656,0.066,0.0,(1;000),0.0
166,1.0,TaS2,ICSD,24757,1.0,6.0,50.0,1.0,0.0,0.002,0.929,(1;000),0.0
166,1.0,Te4Pt3,ICSD,41372,1.0,7.0,54.0,3.0,0.0,0.033,0.76,(0;111),0.0
166,1.0,Te3Pt2,ICSD,41371,1.0,10.0,76.0,3.0,0.0,0.026,0.806,(1;111),0.0
166,1.0,TePt,ICSD,41370,1.0,4.0,32.0,2.0,0.0,0.073,0.748,(1;111),0.0
166,1.0,Tl2Pd3S2,ICSD,648763,1.0,7.0,92.0,3.0,0.0,0.071,0.442,(0;111),0.0
166,1.0,Tl2Ni3S2,ICSD,108893,1.0,7.0,68.0,3.0,0.0,0.054,0.414,(0;111),0.0
166,1.0,Ni3(PbSe)2,ICSD,646211,1.0,7.0,70.0,3.0,0.0,0.026,0.256,(0;111),0.0
166,1.0,Nb6Zn7,ICSD,645562,1.0,13.0,162.0,3.0,0.0,0.009,0.45,(1;111),0.0
166,1.0,WN2,ICSD,30364,1.0,3.0,24.0,2.0,0.0,0.002,0.186,(1;000),0.0
166,1.0,Mg2SiNi3,ICSD,44926,1.0,6.0,54.0,3.0,0.0,0.028,0.204,(1;111),0.0
166,1.0,In2Te3,ICSD,657607,1.0,5.0,44.0,3.0,0.0,0.088,0.34,(1;111),0.0
166,1.0,In2Ni3Se2,ICSD,640141,1.0,7.0,68.0,3.0,0.0,0.074,0.267,(0;111),0.0
166,1.0,In2Ni3S2,ICSD,640134,1.0,7.0,68.0,3.0,0.0,0.051,0.258,(0;111),0.0
166,1.0,Hg,ICSD,174005,1.0,1.0,12.0,3.0,0.0,0.032,0.397,(1;000),0.0
166,1.0,HfNi3,ICSD,638697,1.0,12.0,126.0,3.0,0.0,0.147,0.426,(0;111),0.0
166,1.0,ScHCl,ICSD,40981,1.0,6.0,38.0,2.0,0.0,0.011,0.232,(0;111),0.0
166,1.0,Ga2Te3,ICSD,657608,1.0,5.0,44.0,2.0,0.0,0.032,0.483,(1;111),0.0
166,1.0,GaGeTe,ICSD,35386,1.0,6.0,46.0,2.0,0.0,0.037,0.032,(1;111),0.0
166,1.0,Ga,ICSD,2513,1.0,22.0,286.0,3.0,0.0,0.006,0.807,(0;111),0.0
166,1.0,Fe7W6,ICSD,634060,1.0,13.0,224.0,3.0,0.0,0.007,0.581,(1;000),0.0
166,1.0,Fe3Sn2,ICSD,71,1.0,10.0,104.0,3.0,0.0,0.001,0.459,(1;111),0.0
166,1.0,TlFeO2,ICSD,29011,1.0,8.0,66.0,3.0,0.0,0.007,0.271,(0;000),0.0
166,1.0,Y2Ga2Fe15,ICSD,631854,1.0,19.0,168.0,3.0,3.9297,0.021,1.0,(0;000),0.0
166,1.0,TaCuN2,ICSD,190938,1.0,4.0,34.0,3.0,0.0,0.088,0.607,(1;111),0.0
166,1.0,CsNiF3,ICSD,410393,1.0,15.0,120.0,3.0,0.0,0.015,0.438,(0;111),0.0
166,1.0,Cs4KLiFe2F12,ICSD,78928,1.0,20.0,148.0,1.0,0.0021,0.004,0.0,(0;111),0.0
166,1.0,Cs2NaNiF6,ICSD,42152,1.0,20.0,158.0,1.0,0.0,0.001,0.685,(1;111),0.0
166,1.0,Cs2NaFeF6,ICSD,16255,1.0,20.0,154.0,1.0,0.0,0.001,0.149,(1;111),0.0
166,1.0,TaCo3,ICSD,24581,1.0,12.0,192.0,3.0,0.0,0.007,0.944,(1;111),0.0
166,1.0,ZrCl,ICSD,20145,1.0,4.0,22.0,2.0,0.0,0.068,0.166,(0;111),0.0
166,1.0,CaSi2,ICSD,52789,1.0,6.0,36.0,1.0,0.0,0.038,0.12,(1;000),0.0
166,1.0,CaSi2,ICSD,15632,1.0,3.0,18.0,2.0,0.0,0.054,0.217,(1;111),0.0
166,1.0,CaGe2,ICSD,77316,1.0,3.0,18.0,1.0,0.0,0.016,0.347,(0;000),0.0
166,1.0,CaGe2,ICSD,619304,1.0,6.0,36.0,1.0,0.0,0.027,0.18,(1;000),0.0
166,1.0,Ti8C5,ICSD,20822,1.0,13.0,116.0,3.0,0.0,0.005,0.11,(1;000),0.0
166,1.0,Ta2CS2,ICSD,23791,1.0,5.0,42.0,2.0,0.0,0.045,0.371,(1;111),0.0
166,1.0,Bi4Se3,ICSD,20319,1.0,7.0,38.0,2.0,0.0,0.081,0.168,(0;111),0.0
166,1.0,Bi2Te3,ICSD,15753,1.0,5.0,28.0,2.0,0.0867,0.094,0.0,(1;000),0.0
166,1.0,Bi2Se3,ICSD,165226,1.0,5.0,28.0,2.0,0.2932,0.375,0.0,(1;000),0.0
166,1.0,Bi2Te2Se,ICSD,43512,1.0,5.0,48.0,2.0,0.2809,0.29,0.0,(1;000),0.0
166,1.0,Ge(BiTe2)2,ICSD,30394,1.0,7.0,58.0,3.0,0.0,0.174,0.007,(1;111),0.0
166,1.0,Be17Nb2,ICSD,58724,1.0,19.0,94.0,1.0,0.0,0.033,0.637,(1;000),0.0
166,1.0,Ba3Sc4,ICSD,20621,1.0,7.0,74.0,1.0,0.0,0.017,0.749,(0;111),0.0
166,1.0,Ba2NiTeO6,ICSD,25005,1.0,20.0,144.0,3.0,0.0,0.014,0.37,(0;111),0.0
166,1.0,BaPb3,ICSD,419973,1.0,12.0,156.0,3.0,0.0,0.011,0.473,(1;000),0.0
166,1.0,Ba(NiO2)4,ICSD,20898,1.0,13.0,98.0,2.0,0.0,0.002,0.827,(1;111),0.0
166,1.0,Te3As2,ICSD,68110,1.0,5.0,28.0,2.0,0.0,0.077,0.045,(1;000),0.0
166,1.0,Ge4Te7As2,ICSD,68114,1.0,13.0,68.0,2.0,0.0,0.02,0.022,(1;000),0.0
166,1.0,Ge3(Te3As)2,ICSD,68113,1.0,11.0,58.0,2.0,0.0423,0.11,0.0,(0;000),0.0
166,1.0,Ca(GaAs)2,ICSD,422526,1.0,5.0,46.0,2.0,0.0,0.082,0.05,(1;111),0.0
166,1.0,Ba7Al10,ICSD,420092,1.0,17.0,100.0,1.0,0.0,0.042,0.127,(1;000),0.0
166,1.0,Sr(Ag2Sb)2,ICSD,424311,1.0,7.0,64.0,2.0,0.0,0.187,0.372,(0;111),0.0
166,3.0,Te,ICSD,52500,1.0,1.0,6.0,3.0,0.0,0.003,0.762,(0;000),0.0
166,3.0,Se,ICSD,656457,1.0,1.0,6.0,3.0,0.0,0.028,0.777,(0;000),0.0
166,3.0,Tl2Pd3Se2,ICSD,648843,1.0,7.0,92.0,3.0,0.0,0.004,0.569,(1;111),0.0
166,3.0,Pd3(PbSe)2,ICSD,648365,1.0,7.0,94.0,3.0,0.0,0.035,0.205,(0;111),0.0
166,3.0,Y2Ni7,ICSD,647051,1.0,18.0,184.0,3.0,13.5275,0.007,1.0,(0;000),0.0
166,3.0,NiTe,ICSD,76730,1.0,4.0,32.0,2.0,0.0,0.007,0.863,(0;000),0.0
166,3.0,K2Pb(SO4)2,ICSD,29335,1.0,13.0,92.0,3.0,0.0,0.005,0.654,(0;111),0.0
166,3.0,InRh3PbS2,ICSD,640213,1.0,7.0,90.0,3.0,0.0,0.034,0.245,(1;111),0.0
166,3.0,Ta6Fe7,ICSD,633791,1.0,13.0,134.0,3.0,0.0,0.002,0.546,(1;000),0.0
166,3.0,Y2Fe17,ICSD,634081,1.0,19.0,158.0,3.0,0.1004,0.023,1.0,(0;000),0.0
166,3.0,InCo3SnS2,ICSD,425137,1.0,7.0,90.0,3.0,0.0,0.007,0.201,(0;000),0.0
166,3.0,Ca2Ni7,ICSD,619443,1.0,18.0,180.0,3.0,0.0,0.003,0.63,(1;111),0.0
166,3.0,Al8C3N4,ICSD,41261,1.0,15.0,56.0,3.0,0.0,0.002,0.607,(0;111),0.0
166,3.0,Bi4Te3,ICSD,30526,1.0,7.0,78.0,0.0,0.0,0.012,0.112,(0;111),0.0
166,3.0,Ti2Be17,ICSD,109217,1.0,19.0,92.0,1.0,0.0,0.0,0.521,(1;000),0.0
166,3.0,Ba4Zr(RuO4)3,ICSD,47133,1.0,20.0,164.0,3.0,0.0,0.002,0.486,(0;111),0.0
166,3.0,Ba2Mg17,ICSD,150735,1.0,19.0,190.0,1.0,0.0,0.012,0.675,(0;000),0.0
166,3.0,Ca(Cu2As)2,ICSD,32619,1.0,7.0,64.0,2.0,0.0,0.006,0.438,(1;000),0.0
166,3.0,Ca2AsI,ICSD,166534,1.0,4.0,32.0,1.0,0.0,0.154,0.207,(0;000),0.0
166,3.0,InAgSe2,ICSD,604401,1.0,4.0,36.0,3.0,0.0,0.022,0.399,(0;000),0.0
167,1.0,Cr2(CN2)3,ICSD,421391,1.0,22.0,140.0,3.0,0.0,0.013,0.197,(0;000),0.0
167,1.0,Rb4CdBr6,ICSD,60625,1.0,22.0,180.0,1.0,0.0,0.004,0.321,(1;000),0.0
167,3.0,Zr3O,ICSD,27023,1.0,8.0,36.0,3.0,0.0,0.01,0.24,(1;000),0.0
167,3.0,Sr6Ga5N,ICSD,77645,1.0,24.0,260.0,1.0,0.0,0.007,0.357,(1;000),0.0
167,3.0,Ba6Ga5N,ICSD,77731,1.0,24.0,260.0,1.0,0.0,0.003,0.093,(1;000),0.0
167,3.0,Ba3NiO4,ICSD,30662,1.0,16.0,128.0,2.0,0.0,0.002,0.082,(0;000),0.0
167,3.0,Sr2(ZnAu2)3,ICSD,426464,1.0,22.0,244.0,3.0,0.0,0.003,0.587,(1;000),0.0
167,3.0,Al2O3,ICSD,99783,1.0,10.0,48.0,3.0,0.0,0.015,0.293,(1;000),0.0
167,4.0,Sr4RhO6,ICSD,109297,1.0,22.0,186.0,2.0,0.0,0.0,0.575,(0;000),0.0
167,4.0,TiF3,ICSD,67148,1.0,8.0,66.0,3.0,0.0,0.0,0.753,(0;000),0.0
167,4.0,CaSi7Ir3,ICSD,181449,1.0,22.0,178.0,3.0,0.0,0.0,0.794,(0;000),0.0
167,4.0,Sr2(GaAu2)3,ICSD,426465,1.0,22.0,250.0,3.0,0.0,0.0,0.535,(1;000),0.0
176,1.0,Sr3MnN3,ICSD,80772,1.0,14.0,120.0,1.0,0.0,0.002,0.909,(0;000),0.0
176,3.0,Ti3Se4,ICSD,79629,1.0,14.0,120.0,3.0,0.0,0.004,0.245,(0;000),0.0
176,3.0,Ba3MnN3,ICSD,80771,1.0,14.0,120.0,1.0,0.0,0.001,0.96,(1;000),0.0
176,3.0,BaFe4O7,ICSD,2530,1.0,24.0,168.0,3.0,0.0,0.002,0.763,(0;000),0.0
176,3.0,Nb3Te3As,ICSD,79934,1.0,14.0,124.0,3.0,0.0,0.009,0.369,(0;000),0.0
176,4.0,Tl(MoSe)3,ICSD,53119,1.0,14.0,146.0,1.0,0.0,0.0,0.29,(0;000),0.0
176,4.0,K(MoS)3,ICSD,30752,1.0,14.0,138.0,1.0,0.0,0.0,0.281,(0;000),0.0
176,4.0,In(TeMo)3,ICSD,53100,1.0,14.0,146.0,3.0,0.0,0.0,0.299,(0;000),0.0
176,4.0,In(MoSe)3,ICSD,53098,1.0,14.0,146.0,3.0,0.0,0.0,0.307,(0;000),0.0
176,4.0,Sr3CrN3,ICSD,154803,1.0,14.0,118.0,1.0,0.0,0.0,0.364,(0;000),0.0
176,4.0,Ba3FeN3,ICSD,36502,1.0,14.0,106.0,1.0,0.0,0.0,0.973,(1;000),0.0
176,4.0,Ba3CrN3,ICSD,154802,1.0,14.0,118.0,1.0,0.0,0.0,0.336,(0;000),0.0
180,3.0,YBPt2,ICSD,156947,0.0,12.0,102.0,3.0,0.0,0.012,0.375,,0.0
180,3.0,YBPt2,ICSD,156946,0.0,12.0,102.0,3.0,0.0,0.009,0.363,,0.0
180,4.0,Sn2Mo,ICSD,77114,0.0,18.0,252.0,3.0,0.0,0.0,0.472,,0.0
182,3.0,NaCu5S3,ICSD,61514,0.0,18.0,164.0,3.0,0.0,0.0,0.127,,0.0
185,3.0,Mg3Pt,ICSD,54253,0.0,24.0,240.0,3.0,0.0,0.0,0.639,,0.0
185,4.0,Mg3Ir,ICSD,106871,0.0,24.0,282.0,3.0,0.0,0.0,0.68,,0.0
185,4.0,BaMnO3,ICSD,89996,0.0,10.0,86.0,1.0,0.0,0.0,0.355,(1;100),1.0
186,3.0,FeS,ICSD,87502,0.0,16.0,112.0,3.0,0.0,0.002,0.58,,0.0
186,3.0,FeS,ICSD,68847,0.0,4.0,28.0,3.0,0.0,0.028,0.242,(0;000),1.0
186,3.0,MnInCu4,ICSD,424277,0.0,12.0,144.0,3.0,0.0,0.0,0.421,,0.0
186,3.0,YCuSn,ICSD,416544,0.0,6.0,72.0,0.0,0.0,0.004,0.222,(0;000),1.0
186,3.0,ScCuSn,ICSD,416543,0.0,6.0,72.0,0.0,0.0,0.01,0.225,(1;000),1.0
186,3.0,YCuPb,ICSD,107004,0.0,6.0,72.0,3.0,0.0,0.008,0.229,,0.0
186,3.0,CaZnSn,ICSD,106358,0.0,6.0,72.0,3.0,0.0,0.03,0.241,(0;000),1.0
186,3.0,YSnAu,ICSD,415826,0.0,6.0,72.0,3.0,0.0,0.014,0.191,(1;000),1.0
186,3.0,YGeAu,ICSD,405323,0.0,6.0,52.0,3.0,0.0,0.02,0.132,(1;000),1.0
186,3.0,ScGeAu,ICSD,81733,0.0,6.0,52.0,3.0,0.0,0.001,0.154,(0;000),1.0
186,3.0,CaBiAu,ICSD,248685,0.0,6.0,52.0,3.0,0.0,0.029,0.076,(1;000),1.0
186,3.0,CaBiAu,ICSD,248683,0.0,6.0,52.0,3.0,0.0,0.043,0.125,(0;000),1.0
186,3.0,CaBiAu,ICSD,248681,0.0,6.0,52.0,3.0,0.0,0.039,0.081,(0;000),1.0
186,3.0,CaBiAu,ICSD,248679,0.0,6.0,52.0,3.0,0.0,0.016,0.069,(1;000),1.0
186,3.0,CaBiAu,ICSD,248677,0.0,6.0,52.0,3.0,0.0,0.017,0.085,(1;000),1.0
186,3.0,YAgSn,ICSD,416375,0.0,6.0,72.0,3.0,0.0,0.0,0.211,(0;000),1.0
186,3.0,YAgSn,ICSD,245234,0.0,6.0,72.0,3.0,0.0,0.003,0.211,(1;000),1.0
186,3.0,CaAgBi,ICSD,416283,0.0,6.0,52.0,3.0,0.0,0.025,0.154,(0;000),1.0
186,4.0,Na6MnTe4,ICSD,65451,0.0,22.0,186.0,1.0,0.0,0.0,0.628,,0.0
186,4.0,Si3Ir,ICSD,26218,0.0,8.0,58.0,3.0,0.0,0.0,0.767,,0.0
186,4.0,HfCuSn,ICSD,190121,0.0,6.0,74.0,3.0,0.0,0.0,0.548,(1;001),1.0
186,4.0,Na6CoSe4,ICSD,68604,0.0,22.0,190.0,1.0,0.0,0.0,0.795,,0.0
187,3.0,ZrTe,ICSD,410867,0.0,2.0,18.0,3.0,0.0,0.0,0.093,(1;100),1.0
187,3.0,Mg(P2Rh3)2,ICSD,89610,0.0,11.0,132.0,3.0,0.0,0.002,0.304,,0.0
187,3.0,LiNiN,ICSD,411151,0.0,3.0,18.0,1.0,0.0,0.0,0.968,(1;100),1.0
187,3.0,Mg(Co3P2)2,ICSD,94412,0.0,11.0,84.0,3.0,0.0,0.0,0.225,,0.0
187,3.0,Sr(As2Rh3)2,ICSD,89613,0.0,11.0,132.0,3.0,0.0,0.003,0.271,,0.0
187,3.0,Mg(As2Rh3)2,ICSD,89611,0.0,11.0,132.0,3.0,0.0,0.004,0.409,,0.0
187,3.0,Ca(As2Rh3)2,ICSD,89612,0.0,11.0,132.0,3.0,0.0,0.002,0.264,(1;100),1.0
188,4.0,LiScI3,ICSD,73339,0.0,10.0,70.0,1.0,0.0,0.0,0.689,,0.0
189,1.0,Li5(NiN)3,ICSD,411152,0.0,11.0,60.0,1.0,0.0,0.0,0.97,,0.0
189,1.0,YMgIn,ICSD,160910,0.0,9.0,102.0,3.0,0.0,0.035,0.237,,0.0
189,1.0,Hf6NiSb2,ICSD,85966,0.0,9.0,92.0,3.0,0.0,0.0,0.952,,0.0
189,1.0,TiGePd,ICSD,409925,0.0,9.0,78.0,3.0,0.0,0.0,0.203,,0.0
189,1.0,YMgGa,ICSD,160909,0.0,9.0,102.0,3.0,0.0,0.019,0.169,(0;000),1.0
189,1.0,BaNaBi,ICSD,413810,0.0,9.0,72.0,1.0,0.0066,0.007,0.0,(1;000),1.0
189,1.0,MgGaAu,ICSD,192086,0.0,9.0,102.0,3.0,0.0,0.033,0.628,(0;100),1.0
189,1.0,YMgAl,ICSD,160908,0.0,9.0,72.0,3.0,0.0,0.002,0.313,(0;000),1.0
189,1.0,CaAgP,ICSD,10016,0.0,9.0,78.0,3.0,0.0,0.016,0.038,(0;000),1.0
189,1.0,CaAgAs,ICSD,10017,0.0,9.0,78.0,3.0,0.0,0.091,0.008,(1;000),1.0
189,3.0,Zr6Sb2Pt,ICSD,157366,0.0,9.0,44.0,3.0,0.0,0.0,0.847,(0;000),1.0
189,3.0,Sc6Te2Os,ICSD,98972,0.0,9.0,94.0,3.0,0.0,0.0,0.519,,0.0
189,3.0,YInPt,ICSD,415509,0.0,9.0,102.0,3.0,0.0,0.022,0.879,,0.0
189,3.0,ScInPt,ICSD,411459,0.0,9.0,102.0,3.0,0.0,0.0,0.673,,0.0
189,3.0,Zr6FeTe2,ICSD,82530,0.0,9.0,44.0,3.0,0.0,0.0,0.846,(0;100),1.0
189,3.0,Sc6FeTe2,ICSD,90081,0.0,9.0,86.0,3.0,0.0,0.0,0.534,,0.0
189,3.0,Sn5(BRh3)2,ICSD,77352,0.0,13.0,178.0,3.0,0.0,0.003,0.569,,0.0
189,3.0,Sn5(BIr3)2,ICSD,78984,0.0,13.0,130.0,3.0,0.0,0.0,0.323,,0.0
189,3.0,Y3Al3NiGe2,ICSD,76297,0.0,9.0,60.0,3.0,0.0,0.0,0.624,,0.0
189,3.0,Hf6Al2Pt,ICSD,261007,0.0,9.0,88.0,3.0,0.0,0.0,0.878,,0.0
189,3.0,Zr6Al2Fe,ICSD,402701,0.0,9.0,38.0,3.0,0.0,0.0,0.867,(1;100),1.0
190,4.0,ScSnPt,ICSD,411822,0.0,18.0,210.0,3.0,0.0,0.0,0.554,,0.0
190,4.0,ScSnPd,ICSD,418976,0.0,18.0,258.0,3.0,0.0,0.0,0.486,,0.0
190,4.0,ZrSnIr,ICSD,408901,0.0,18.0,210.0,3.0,0.0,0.0,0.498,,0.0
190,4.0,HfSnRh,ICSD,107474,0.0,18.0,258.0,3.0,0.0,0.0,0.493,,0.0
190,4.0,ZrGaPt,ICSD,152132,0.0,18.0,162.0,3.0,0.0,0.0,0.418,,0.0
190,4.0,HfGaPt,ICSD,156268,0.0,18.0,210.0,3.0,0.0,0.0,0.509,,0.0
190,4.0,HfCoSn,ICSD,107472,0.0,18.0,258.0,3.0,0.0,0.0,0.514,,0.0
190,4.0,ZrAlPt,ICSD,156266,0.0,18.0,102.0,3.0,0.0,0.0,0.608,,0.0
191,1.0,CaZn5,ICSD,418614,1.0,6.0,70.0,3.0,0.0,0.0,0.68,(1;000),0.0
191,1.0,BaSn5,ICSD,107305,1.0,6.0,80.0,2.0,0.0,0.01,0.705,(1;001),0.0
191,3.0,SrZn5,ICSD,418615,1.0,6.0,70.0,3.0,0.0,0.0,0.653,(1;000),0.0
191,3.0,Mg(CoGe)6,ICSD,415256,1.0,13.0,136.0,3.0,0.0,0.002,0.526,(1;000),0.0
191,3.0,CaZn3Ni2,ICSD,245512,1.0,18.0,198.0,3.0,0.0,0.001,0.95,(1;001),0.0
193,1.0,Zr5Sn3,ICSD,150562,1.0,16.0,124.0,3.0,0.0,0.004,0.512,(1;000),0.0
193,3.0,Zr5Sb4,ICSD,153609,1.0,18.0,80.0,3.0,0.0,0.006,0.733,(0;000),0.0
193,3.0,Nb5Si3P,ICSD,165098,1.0,18.0,164.0,3.0,0.0,0.001,0.732,(0;000),0.0
193,3.0,NbI3,ICSD,109145,1.0,8.0,68.0,1.0,0.0,0.006,0.336,(0;000),0.0
193,3.0,Hf5Sn4,ICSD,107313,1.0,18.0,232.0,3.0,0.0,0.005,0.644,(0;000),0.0
193,3.0,Hf5Si3,ICSD,53042,1.0,16.0,144.0,3.0,0.0,0.011,0.566,(1;000),0.0
193,3.0,Sc5Ga3,ICSD,150543,1.0,16.0,188.0,3.0,0.0,0.001,0.449,(1;000),0.0
193,3.0,Y5CuPb3,ICSD,107005,1.0,18.0,216.0,3.0,0.0,0.001,0.856,(1;000),0.0
193,3.0,Zr5In3Cu,ICSD,190115,1.0,18.0,140.0,3.0,0.0,0.001,0.63,(1;000),0.0
193,3.0,Ca6MnN5,ICSD,80184,1.0,24.0,200.0,1.0,0.0,0.0,0.605,(1;000),0.0
193,3.0,Ge3Mo5C,ICSD,42922,1.0,18.0,172.0,3.0,0.0,0.002,0.844,(0;000),0.0
193,3.0,Zr5In3Ag,ICSD,190116,1.0,18.0,140.0,3.0,0.0,0.0,0.676,(1;000),0.0
193,4.0,Zr5Sb3,ICSD,153607,1.0,16.0,70.0,3.0,0.0,0.0,0.615,(1;000),0.0
193,4.0,Sr5Sb3,ICSD,57517,1.0,16.0,130.0,1.0,0.0,0.0,0.508,(0;000),0.0
193,4.0,Zr5SiSb3,ICSD,57144,1.0,18.0,78.0,3.0,0.0,0.0,0.778,(0;000),0.0
193,4.0,TiP,ICSD,24148,1.0,12.0,102.0,3.0,0.0,0.0,0.88,(0;000),0.0
193,4.0,Nb5Pt3O,ICSD,36277,1.0,18.0,202.0,3.0,0.0,0.0,0.966,(0;000),0.0
193,4.0,Ta5N6,ICSD,166512,1.0,22.0,190.0,3.0,0.0,0.0,0.755,(0;000),0.0
193,4.0,Nb5N6,ICSD,26252,1.0,22.0,190.0,3.0,0.0,0.0,0.749,(0;000),0.0
193,4.0,V5P3N,ICSD,29285,1.0,18.0,170.0,3.0,0.0,0.0,0.852,(0;000),0.0
193,4.0,Hf5ZnSb3,ICSD,42913,1.0,18.0,174.0,3.0,0.0,0.0,0.789,(1;000),0.0
193,4.0,HfI3,ICSD,23947,1.0,8.0,66.0,1.0,0.0,0.0,0.633,(0;000),0.0
193,4.0,Y5Ge3,ICSD,57122,1.0,16.0,134.0,3.0,0.0,0.0,0.794,(1;000),0.0
193,4.0,V5Ge3,ICSD,44504,1.0,16.0,154.0,3.0,0.0,0.0,0.642,(1;001),0.0
193,4.0,Hf5CuSn3,ICSD,107310,1.0,18.0,226.0,3.0,0.0,0.0,0.981,(0;000),0.0
193,4.0,Hf5CuPb3,ICSD,107314,1.0,18.0,226.0,3.0,0.0,0.0,0.976,(0;000),0.0
193,4.0,ZrCl3,ICSD,23944,1.0,8.0,50.0,1.0,0.0,0.0,0.502,(0;000),0.0
193,4.0,RuCl3,ICSD,22090,1.0,8.0,74.0,1.0,0.0,0.0,0.819,(0;000),0.0
193,4.0,Ca6FeN5,ICSD,33796,1.0,24.0,186.0,1.0,0.0,0.0,0.852,(0;000),0.0
193,4.0,ZrBr3,ICSD,23945,1.0,8.0,50.0,1.0,0.0,0.0,0.543,(0;000),0.0
193,4.0,Sr5Bi3,ICSD,41838,1.0,16.0,130.0,1.0,0.0,0.0,0.58,(1;000),0.0
193,4.0,Ta3(BiS3)2,ICSD,74697,1.0,22.0,210.0,3.0,0.0,0.0,0.977,(0;000),0.0
193,4.0,Ba5Bi3,ICSD,41839,1.0,16.0,190.0,1.0,0.0,0.0,0.703,(1;000),0.0
193,4.0,Ba3N,ICSD,77730,1.0,8.0,70.0,1.0,0.0,0.0,0.81,(0;000),0.0
193,4.0,Sr5As3,ICSD,44067,1.0,16.0,130.0,1.0,0.0,0.0,0.492,(0;000),0.0
193,4.0,Ca5As3,ICSD,43877,1.0,16.0,130.0,1.0,0.0,0.0,0.557,(0;000),0.0
193,4.0,Ba5As3,ICSD,43872,1.0,16.0,130.0,1.0,0.0,0.0,0.726,(0;000),0.0
193,4.0,Hf5Al3,ICSD,57898,1.0,16.0,138.0,3.0,0.0,0.0,0.887,(0;000),0.0
194,1.0,Ti3GeC2,ICSD,180428,1.0,12.0,96.0,3.0,0.0,0.015,0.413,(1;000),0.0
194,3.0,YZnSn,ICSD,152622,1.0,12.0,148.0,3.0,0.0,0.012,0.43,(0;000),0.0
194,3.0,O2,ICSD,164724,1.0,4.0,24.0,1.0,0.0,0.002,0.588,(1;000),0.0
194,3.0,SrIn2,ICSD,414235,1.0,6.0,72.0,3.0,0.0,0.058,0.204,(0;000),0.0
194,3.0,SrNi3Ge2,ICSD,419660,1.0,12.0,96.0,2.0,0.0,0.003,0.907,(1;000),0.0
194,3.0,YZnGe,ICSD,163345,1.0,12.0,108.0,3.0,0.0,0.005,0.471,(1;000),0.0
194,3.0,SrNi2Ge,ICSD,419659,1.0,8.0,68.0,3.0,0.0,0.016,0.5,(0;000),0.0
194,3.0,CsTiI3,ICSD,154258,1.0,10.0,84.0,1.0,0.0,0.014,0.483,(0;000),0.0
194,3.0,CsNiI3,ICSD,423830,1.0,10.0,80.0,1.0,0.0,0.017,0.383,(0;000),0.0
194,3.0,CaZn2,ICSD,418878,1.0,12.0,136.0,3.0,0.0,0.009,0.605,(0;000),0.0
194,3.0,CaIn2,ICSD,414232,1.0,6.0,72.0,3.0,0.0,0.051,0.245,(1;000),0.0
194,3.0,RbTiBr3,ICSD,154257,1.0,10.0,84.0,1.0,0.0,0.017,0.528,(0;000),0.0
194,3.0,CsNiBr3,ICSD,423829,1.0,10.0,80.0,1.0,0.0,0.004,0.32,(0;000),0.0
194,3.0,BaGe3,ICSD,261651,1.0,8.0,44.0,1.0,0.0,0.001,0.862,(0;000),0.0
194,3.0,BaPAu,ICSD,420340,1.0,6.0,52.0,3.0,0.0,0.003,0.182,(1;000),0.0
194,3.0,BaAsAu,ICSD,420341,1.0,6.0,52.0,2.0,0.0,0.0,0.046,(1;000),0.0
194,4.0,ZrNi2Sb,ICSD,162586,1.0,8.0,58.0,3.0,0.0,0.0,0.882,(0;000),0.0
194,4.0,TiGaPt,ICSD,156263,1.0,6.0,70.0,3.0,0.0,0.0,0.92,(0;000),0.0
194,4.0,V2Cu3Sb4,ICSD,236572,1.0,18.0,158.0,3.0,0.0,0.0,0.941,(1;000),0.0
194,4.0,B3Os2,ICSD,424879,1.0,10.0,82.0,3.0,0.0,0.0,0.992,(1;000),0.0
194,4.0,In(GaAu)2,ICSD,190987,1.0,10.0,122.0,3.0,0.0,0.0,0.878,(1;000),0.0
194,4.0,Ba4Al5,ICSD,420091,1.0,18.0,110.0,1.0,0.0,0.0,0.599,(0;000),0.0
194,4.0,Ba3Al3Ga2,ICSD,415931,1.0,16.0,130.0,2.0,0.0,0.0,0.59,(0;000),0.0
194,4.0,TiAlPt,ICSD,163350,1.0,6.0,50.0,3.0,0.0,0.0,0.904,(0;000),0.0
194,4.0,NiAgO2,ICSD,415451,1.0,8.0,66.0,3.0,0.0,0.001,0.884,(0;000),0.0
198,4.0,SiRh,ICSD,79233,0.0,8.0,84.0,3.0,0.0,0.0,0.247,(1;111),1.0
198,4.0,SrSiPd,ICSD,69791,0.0,12.0,96.0,3.0,0.0,0.0,0.492,,0.0
198,4.0,SbTePd,ICSD,93906,0.0,12.0,84.0,3.0,0.0,0.0,0.702,,0.0
198,4.0,SbPdSe,ICSD,93905,0.0,12.0,84.0,3.0,0.0,0.0,0.599,,0.0
198,4.0,NiSbSe,ICSD,93902,0.0,12.0,84.0,3.0,0.0,0.0,0.621,,0.0
198,4.0,NiSbS,ICSD,93900,0.0,12.0,84.0,3.0,0.0,0.0,0.565,,0.0
198,4.0,NiPS,ICSD,93898,0.0,12.0,84.0,3.0,0.0,0.0,0.591,,0.0
198,4.0,SrPIr,ICSD,155712,0.0,12.0,96.0,3.0,0.0,0.0,0.533,,0.0
198,4.0,MnGe,ICSD,187195,0.0,8.0,76.0,3.0,0.0,0.0,0.637,,0.0
198,4.0,CaSiPt,ICSD,72640,0.0,12.0,96.0,3.0,0.0,0.0,0.533,(0;000),1.0
198,4.0,CaSiPt,ICSD,63555,0.0,12.0,96.0,3.0,0.0,0.0,0.533,,0.0
198,4.0,BiTePd,ICSD,70060,0.0,12.0,84.0,3.0,0.0,0.0,0.727,,0.0
198,4.0,BaPPt,ICSD,59191,0.0,12.0,100.0,3.0,0.0,0.0,0.43,,0.0
198,4.0,BaPIr,ICSD,73529,0.0,12.0,128.0,3.0,0.0,0.0,0.394,(0;000),1.0
198,4.0,AsPdSe,ICSD,93904,0.0,12.0,116.0,3.0,0.0,0.0,0.714,(0;101),1.0
198,4.0,AsPdS,ICSD,93903,0.0,12.0,116.0,3.0,0.0,0.0,0.603,(1;000),1.0
198,4.0,NiAsSe,ICSD,93901,0.0,12.0,84.0,3.0,0.0,0.0,0.69,,0.0
198,4.0,NiAsS,ICSD,93899,0.0,12.0,84.0,3.0,0.0,0.0,0.615,,0.0
198,4.0,BaAsPt,ICSD,59192,0.0,12.0,100.0,3.0,0.0,0.0,0.396,(0;111),1.0
199,4.0,Bi2Pd3S2,ICSD,417634,0.0,14.0,192.0,3.0,0.0,0.0,0.82,,0.0
204,1.0,NaMn3V4O12,ICSD,237751,1.0,20.0,178.0,3.0,0.0,0.005,0.116,(1;111),0.0
204,1.0,NaCu3(RuO3)4,ICSD,51893,1.0,20.0,178.0,3.0,0.0,0.016,0.7,(0;111),0.0
204,1.0,YCr4(CuO4)3,ICSD,248615,1.0,20.0,172.0,3.0,0.0,0.004,0.257,(0;000),0.0
204,1.0,Ba(Ge3Pt)4,ICSD,174551,1.0,17.0,98.0,3.0,0.0,0.028,0.522,(1;000),0.0
204,4.0,Y12Ni6Pb,ICSD,54614,1.0,19.0,206.0,3.0,0.0,0.0,0.506,(1;000),0.0
204,4.0,MnV4(CuO4)3,ICSD,250793,1.0,20.0,172.0,3.0,0.0,0.0,0.624,(1;111),0.0
204,4.0,Co4SnSb12,ICSD,87886,1.0,17.0,142.0,3.0,0.0,0.0,0.669,(1;000),0.0
204,4.0,CaV4(PdO4)3,ICSD,237495,1.0,20.0,188.0,3.0,0.0,0.0,0.826,(0;111),0.0
213,4.0,Ni2W3N,ICSD,86170,0.0,24.0,436.0,3.0,0.0,0.0,0.578,,0.0
213,4.0,Mo3Pt2N,ICSD,150314,0.0,24.0,268.0,3.0,0.0,0.0,0.464,,0.0
216,3.0,Cr4InCuSe8,ICSD,250246,0.0,14.0,128.0,3.0,0.0,0.001,0.263,(0;001),1.0
216,3.0,MnSnAu,ICSD,54465,0.0,3.0,40.0,3.0,0.0,0.0,0.114,(0;000),1.0
216,4.0,InSb,ICSD,162196,0.0,2.0,18.0,3.0,0.0313,0.0,0.009,(1;000),1.0
216,4.0,V4GeS8,ICSD,50502,0.0,13.0,104.0,3.0,0.0,0.0,0.188,(0;000),1.0
216,4.0,Y4CdRu,ICSD,419070,0.0,24.0,288.0,3.0,0.0,0.0,0.267,,0.0
217,4.0,Sr3(SnIr)4,ICSD,410992,0.0,11.0,122.0,3.0,0.0,0.0,0.624,,0.0
217,4.0,Ca3(SiIr)4,ICSD,95788,0.0,11.0,82.0,3.0,0.0,0.0,0.576,,0.0
220,4.0,Sr4Bi3,ICSD,96944,0.0,14.0,170.0,1.0,0.0,0.0,0.579,,0.0
220,4.0,Ba4Bi3,ICSD,96943,0.0,14.0,170.0,1.0,0.0,0.0,0.721,,0.0
221,1.0,InNi3N,ICSD,247065,1.0,5.0,48.0,3.0,0.0,0.061,0.177,(0;111),0.0
221,1.0,TlHPd3,ICSD,247273,1.0,5.0,68.0,3.0,0.0,0.146,0.28,(0;111),0.0
221,1.0,Ca3GeO,ICSD,402087,1.0,5.0,40.0,1.0,0.0,0.015,0.008,(0;000),0.0
221,1.0,CsGeBr3,ICSD,80320,1.0,5.0,34.0,3.0,0.0,0.09,0.026,(1;111),0.0
221,1.0,SrB6,ICSD,50313,1.0,7.0,28.0,3.0,0.0,0.002,0.01,(1;111),0.0
221,4.0,SrRuO3,ICSD,162777,1.0,5.0,44.0,3.0,0.0,0.0,0.837,(1;000),0.0
221,4.0,SrMoO3,ICSD,174207,1.0,5.0,42.0,3.0,0.0,0.0,0.772,(0;000),0.0
221,4.0,SrFeO3,ICSD,92335,1.0,5.0,36.0,3.0,0.0,0.0,0.858,(1;000),0.0
221,4.0,RbPdF3,ICSD,73166,1.0,5.0,48.0,3.0,0.0,0.0,0.589,(0;000),0.0
221,4.0,KPdF3,ICSD,73167,1.0,5.0,48.0,3.0,0.0,0.0,0.595,(0;000),0.0
221,4.0,SrCrO3,ICSD,245834,1.0,5.0,42.0,3.0,0.0,0.0,0.77,(0;000),0.0
221,4.0,CrPbO3,ICSD,160196,1.0,5.0,46.0,3.0,0.0,0.0,0.739,(0;000),0.0
221,4.0,CdCo3N,ICSD,422858,1.0,5.0,68.0,3.0,0.0,0.0,0.592,(1;000),0.0
221,4.0,Ca3TlN,ICSD,411448,1.0,5.0,48.0,1.0,0.0,0.0,0.648,(1;000),0.0
221,4.0,Sc3TlC,ICSD,50164,1.0,5.0,50.0,3.0,0.0,0.0,0.059,(1;000),0.0
221,4.0,Sc3InC,ICSD,50163,1.0,5.0,50.0,3.0,0.0,0.0,0.108,(1;000),0.0
221,4.0,BaPbO3,ICSD,51659,1.0,5.0,42.0,3.0,0.0,0.0,0.691,(0;000),0.0
221,4.0,BaPbO3,ICSD,245606,1.0,5.0,42.0,3.0,0.0,0.0,0.123,(1;000),0.0
221,4.0,BaMoO3,ICSD,43799,1.0,5.0,42.0,3.0,0.0,0.0,0.771,(0;000),0.0
221,4.0,BaFeO3,ICSD,262131,1.0,5.0,36.0,3.0,0.0,0.0,0.821,(1;000),0.0
223,4.0,NaPt3O4,ICSD,32546,1.0,16.0,126.0,3.0,0.0,0.0,0.761,(1;000),0.0
223,4.0,NaPd3O4,ICSD,245608,1.0,16.0,174.0,3.0,0.0,0.0,0.909,(0;000),0.0
225,1.0,YCu6ClO8,ICSD,188351,1.0,16.0,132.0,3.0,0.0,0.004,0.872,(0;000),0.0
225,1.0,InCu6ClO8,ICSD,69612,1.0,16.0,134.0,3.0,0.0,0.007,0.411,(0;000),0.0
225,4.0,NaPb2IO6,ICSD,427115,1.0,10.0,80.0,3.0,0.0,0.0,0.155,(0;000),0.0
225,4.0,Cs2KCuF6,ICSD,59102,1.0,10.0,80.0,1.0,0.0,0.0,0.519,(0;000),0.0
225,4.0,Tl2WCl6,ICSD,409229,1.0,9.0,82.0,1.0,0.0,0.0,0.836,(0;000),0.0
225,4.0,Tl2MoCl6,ICSD,408777,1.0,9.0,82.0,1.0,0.0,0.0,0.795,(0;000),0.0
225,4.0,K2WCl6,ICSD,409840,1.0,9.0,74.0,1.0,0.0,0.0,0.384,(0;000),0.0
225,4.0,Ca2PdWO6,ICSD,83258,1.0,10.0,88.0,3.0,0.0,0.0,0.719,(0;000),0.0
225,4.0,Cs2FeNi(CN)6,ICSD,151706,1.0,16.0,90.0,3.0,0.0,0.0,0.652,(0;000),0.0
225,4.0,Rb2WBr6,ICSD,402439,1.0,9.0,74.0,1.0,0.0,0.0,0.35,(0;000),0.0
225,4.0,Cs2WBr6,ICSD,402441,1.0,9.0,74.0,1.0,0.0,0.0,0.286,(0;000),0.0
225,4.0,Ba2YReO6,ICSD,168216,1.0,10.0,82.0,3.0,0.0,0.0,0.444,(0;000),0.0
225,4.0,Ba2NiMoO6,ICSD,98192,1.0,10.0,80.0,3.0,0.0,0.0,0.784,(0;000),0.0
225,4.0,Ba2CaOsO6,ICSD,171988,1.0,10.0,82.0,1.0,0.0,0.0,0.191,(0;000),0.0
227,1.0,TiS2,ICSD,72042,1.0,12.0,96.0,3.0,0.0,0.006,0.081,(0;000),0.0
227,1.0,MgTi2O4,ICSD,184696,1.0,14.0,116.0,3.0,0.0,0.004,0.636,(0;000),0.0
227,1.0,LiTiO2,ICSD,48128,1.0,16.0,108.0,3.0,0.0,0.008,0.631,(1;111),0.0
227,1.0,MgIn2,ICSD,423608,1.0,6.0,72.0,3.0,0.0,0.0,0.566,(0;000),0.0
227,3.0,Li2Ca,ICSD,413207,1.0,6.0,32.0,1.0,0.0,0.001,0.744,(0;000),0.0
227,3.0,MnBr2,ICSD,67517,1.0,12.0,116.0,3.0,0.0,0.002,0.32,(0;000),0.0
227,4.0,Rb(OsO3)2,ICSD,157440,1.0,18.0,154.0,3.0,0.0,0.0,0.413,(0;000),0.0
227,4.0,CsFeO2,ICSD,421173,1.0,8.0,58.0,3.0,0.0,0.0,0.275,(0;000),0.0
227,4.0,KBi2,ICSD,55068,1.0,6.0,78.0,3.0,0.0,0.0,0.757,(0;000),0.0
227,4.0,Al2CoO4,ICSD,290133,1.0,14.0,94.0,3.0,0.0,0.0,0.27,(0;000),0.0
229,4.0,Sn7Ir3,ICSD,412776,1.0,20.0,298.0,3.0,0.0,0.0,0.37,(1;000),0.0
229,4.0,In7Pd3,ICSD,408314,1.0,20.0,290.0,3.0,0.0,0.0,0.785,(1;000),0.0
229,4.0,Ga7Ni3,ICSD,408313,1.0,20.0,242.0,3.0,0.0,0.0,0.749,(1;000),0.0
229,4.0,Y4Ga12Pt,ICSD,153909,1.0,17.0,210.0,3.0,0.0,0.0,0.444,(0;000),0.0
